Date,Overall AQI Value,Main Pollutant,Site Name (of Overall AQI),Site ID (of Overall AQI),Source (of Overall AQI),CO,Ozone,SO2,PM10,PM25,NO2
1/1/2019,142,PM2.5,TACOMA - L STREET,53-053-0029,AQS,10,9,1,.,142,27
1/2/2019,55,PM2.5,TACOMA - L STREET,53-053-0029,AQS,10,16,1,.,55,28
1/3/2019,52,PM2.5,SEATTLE - DUWAMISH,53-033-0057,AQS,9,31,1,4,52,48
1/4/2019,43,PM2.5,SEATTLE - DUWAMISH,53-033-0057,AQS,6,31,1,.,43,30
1/5/2019,52,PM2.5,TACOMA - L STREET,53-053-0029,AQS,9,26,4,.,52,40
1/6/2019,32,Ozone,SEATTLE - BEACON HILL,53-033-0080,AQS,7,32,1,4,25,30
1/7/2019,42,PM2.5,PUYALLUP - 128TH ST,53-053-1018,AQS,8,24,0,.,42,36
1/8/2019,49,NO2,Seattle-10th & Weller,53-033-0030,AQS,9,18,1,.,36,49
1/9/2019,53,PM2.5,TACOMA - ALEXANDER AVE,53-053-0031,AQS,9,21,1,4,53,31
1/10/2019,80,NO2,Tacoma-S 36th St,53-053-0024,AQS,3,19,0,.,31,80
1/11/2019,60,PM2.5,MARYSVILLE - 7TH AVE (Marysville Junior High),53-061-1007,AQS,6,16,4,.,60,42
1/12/2019,77,PM2.5,TACOMA - L STREET,53-053-0029,AQS,8,42,6,17,77,39
1/13/2019,120,PM2.5,TACOMA - L STREET,53-053-0029,AQS,6,47,3,.,120,38
1/14/2019,92,PM2.5,TACOMA - L STREET,53-053-0029,AQS,5,45,3,.,92,35
1/15/2019,86,PM2.5,Seattle-10th & Weller,53-033-0030,AQS,9,41,7,24,86,82
1/16/2019,87,PM2.5,SEATTLE - DUWAMISH,53-033-0057,AQS,8,35,7,.,87,58
1/17/2019,42,NO2,Seattle-10th & Weller,53-033-0030,AQS,3,37,3,.,39,42
1/18/2019,40,Ozone,MT RAINIER - JACKSON VISITIORS CENTER,53-053-0012,AQS,2,40,0,6,37,40
1/19/2019,38,PM2.5,TACOMA - L STREET,53-053-0029,AQS,3,38,0,.,38,25
1/20/2019,48,PM2.5,TACOMA - L STREET,53-053-0029,AQS,2,39,0,.,48,29
1/21/2019,63,PM2.5,TACOMA - L STREET,53-053-0029,AQS,5,36,1,14,63,31
1/22/2019,39,Ozone,MT RAINIER - JACKSON VISITIORS CENTER,53-053-0012,AQS,3,39,0,.,34,32
1/23/2019,38,NO2,Seattle-10th & Weller,53-033-0030,AQS,3,36,3,.,25,38
1/24/2019,48,PM2.5,LAKE FOREST PARK TOWNE CENTER,53-033-0024,AQS,5,42,3,11,48,36
1/25/2019,73,PM2.5,MARYSVILLE - 7TH AVE (Marysville Junior High),53-061-1007,AQS,3,41,.,.,73,25
1/26/2019,81,PM2.5,TACOMA - L STREET,53-053-0029,AQS,3,39,1,.,81,22
1/27/2019,63,PM2.5,TACOMA - L STREET,53-053-0029,AQS,3,40,0,12,63,17
1/28/2019,47,PM2.5,MARYSVILLE - 7TH AVE (Marysville Junior High),53-061-1007,AQS,3,42,1,.,47,23
1/29/2019,78,PM2.5,DARRINGTON - FIR ST (Darrington High School),53-061-0020,AQS,5,42,1,.,78,34
1/30/2019,85,PM2.5,Tacoma-S 36th St,53-053-0024,AQS,8,43,7,20,85,47
1/31/2019,65,PM2.5,SEATTLE - DUWAMISH,53-033-0057,AQS,8,42,3,.,65,42
2/1/2019,48,PM2.5,SEATTLE - DUWAMISH,53-033-0057,AQS,5,40,1,.,48,33
2/2/2019,38,Ozone,MT RAINIER - JACKSON VISITIORS CENTER,53-053-0012,AQS,2,38,1,6,32,28
2/3/2019,41,Ozone,MT RAINIER - JACKSON VISITIORS CENTER,53-053-0012,AQS,.,41,0,.,24,20
2/4/2019,63,PM2.5,MARYSVILLE - 7TH AVE (Marysville Junior High),53-061-1007,AQS,3,36,0,.,63,25
2/5/2019,93,PM2.5,MARYSVILLE - 7TH AVE (Marysville Junior High),53-061-1007,AQS,8,36,3,13,93,37
2/6/2019,81,PM2.5,TACOMA - L STREET,53-053-0029,AQS,9,43,1,.,81,36
2/7/2019,91,PM2.5,MARYSVILLE - 7TH AVE (Marysville Junior High),53-061-1007,AQS,8,44,1,.,91,36
2/8/2019,63,PM2.5,TACOMA - L STREET,53-053-0029,AQS,7,37,1,13,63,35
2/9/2019,48,PM2.5,DARRINGTON - FIR ST (Darrington High School),53-061-0020,AQS,3,37,0,.,48,25
2/10/2019,70,PM2.5,DARRINGTON - FIR ST (Darrington High School),53-061-0020,AQS,5,44,1,.,70,33
2/11/2019,35,PM2.5,SEATTLE - SOUTH PARK #2,53-033-1011,AQS,3,31,0,5,35,35
2/12/2019,48,PM2.5,DARRINGTON - FIR ST (Darrington High School),53-061-0020,AQS,3,31,0,.,48,32
2/13/2019,42,PM2.5,MARYSVILLE - 7TH AVE (Marysville Junior High),53-061-1007,AQS,5,25,1,.,42,33
2/14/2019,54,PM2.5,DARRINGTON - FIR ST (Darrington High School),53-061-0020,AQS,10,44,3,7,54,54
2/15/2019,59,PM2.5,DARRINGTON - FIR ST (Darrington High School),53-061-0020,AQS,9,42,1,.,59,35
2/16/2019,59,PM2.5,DARRINGTON - FIR ST (Darrington High School),53-061-0020,AQS,9,38,1,.,59,32
2/17/2019,58,PM2.5,LAKE FOREST PARK TOWNE CENTER,53-033-0024,AQS,8,36,0,11,58,28
2/18/2019,85,PM2.5,DARRINGTON - FIR ST (Darrington High School),53-061-0020,AQS,9,36,1,.,85,22
2/19/2019,70,PM2.5,DARRINGTON - FIR ST (Darrington High School),53-061-0020,AQS,7,26,.,.,70,35
2/20/2019,41,PM2.5,DARRINGTON - FIR ST (Darrington High School),53-061-0020,AQS,6,20,0,6,41,24
2/21/2019,56,PM2.5,MARYSVILLE - 7TH AVE (Marysville Junior High),53-061-1007,AQS,9,39,0,.,56,35
2/22/2019,57,PM2.5,DARRINGTON - FIR ST (Darrington High School),53-061-0020,AQS,8,41,1,.,57,33
2/23/2019,42,Ozone,MT RAINIER - JACKSON VISITIORS CENTER,53-053-0012,AQS,6,42,0,6,34,30
2/24/2019,53,PM2.5,DARRINGTON - FIR ST (Darrington High School),53-061-0020,AQS,5,42,0,.,53,25
2/25/2019,41,Ozone,MT RAINIER - JACKSON VISITIORS CENTER,53-053-0012,AQS,5,41,.,.,38,24
2/26/2019,46,PM2.5,DARRINGTON - FIR ST (Darrington High School),53-061-0020,AQS,3,44,0,6,46,31
2/27/2019,43,Ozone,MT RAINIER - JACKSON VISITIORS CENTER,53-053-0012,AQS,7,43,1,.,31,31
2/28/2019,49,PM2.5,MARYSVILLE - 7TH AVE (Marysville Junior High),53-061-1007,AQS,8,43,1,.,49,44
3/1/2019,42,PM2.5,LAKE FOREST PARK TOWNE CENTER,53-033-0024,AQS,6,42,0,10,42,29
3/2/2019,44,Ozone,MT RAINIER - JACKSON VISITIORS CENTER,53-053-0012,AQS,5,44,1,.,42,30
3/3/2019,45,PM2.5,MARYSVILLE - 7TH AVE (Marysville Junior High),53-061-1007,AQS,3,45,0,.,45,17
3/4/2019,57,PM2.5,SEATTLE - DUWAMISH,53-033-0057,AQS,5,44,0,4,57,39
3/5/2019,64,PM2.5,DARRINGTON - FIR ST (Darrington High School),53-061-0020,AQS,6,43,0,.,64,41
3/6/2019,69,PM2.5,DARRINGTON - FIR ST (Darrington High School),53-061-0020,AQS,5,43,1,.,69,32
3/7/2019,44,PM2.5,DARRINGTON - FIR ST (Darrington High School),53-061-0020,AQS,5,44,1,.,44,38
3/8/2019,48,PM2.5,TACOMA - L STREET,53-053-0029,AQS,3,44,1,.,48,39
3/9/2019,60,PM2.5,TACOMA - L STREET,53-053-0029,AQS,3,47,1,.,60,28
3/10/2019,62,PM2.5,TACOMA - L STREET,53-053-0029,AQS,.,47,7,10,62,38
3/11/2019,53,PM2.5,TACOMA - L STREET,53-053-0029,AQS,3,46,1,.,53,40
3/12/2019,52,PM2.5,DARRINGTON - FIR ST (Darrington High School),53-061-0020,AQS,3,42,0,.,52,27
3/13/2019,41,NO2,Seattle-10th & Weller,53-033-0030,AQS,3,40,1,10,39,41
3/14/2019,51,Ozone,MT RAINIER - JACKSON VISITIORS CENTER,53-053-0012,AQS,3,51,1,.,38,29
3/15/2019,47,Ozone,MT RAINIER - JACKSON VISITIORS CENTER,53-053-0012,AQS,3,47,.,.,45,35
3/16/2019,55,PM2.5,TACOMA - L STREET,53-053-0029,AQS,3,46,.,14,55,34
3/17/2019,61,PM2.5,TACOMA - L STREET,53-053-0029,AQS,3,47,1,.,61,26
3/18/2019,54,PM2.5,MARYSVILLE - 7TH AVE (Marysville Junior High),53-061-1007,AQS,3,49,1,.,54,34
3/19/2019,92,PM2.5,DARRINGTON - FIR ST (Darrington High School),53-061-0020,AQS,3,50,3,7,92,58
3/20/2019,58,Ozone,MT RAINIER - JACKSON VISITIORS CENTER,53-053-0012,AQS,5,58,3,.,36,55
3/21/2019,46,Ozone,MT RAINIER - JACKSON VISITIORS CENTER,53-053-0012,AQS,2,46,1,.,40,42
3/22/2019,48,Ozone,MT RAINIER - JACKSON VISITIORS CENTER,53-053-0012,AQS,5,48,3,15,38,38
3/23/2019,44,Ozone,MT RAINIER - JACKSON VISITIORS CENTER,53-053-0012,AQS,2,44,3,.,36,40
3/24/2019,57,PM2.5,DARRINGTON - FIR ST (Darrington High School),53-061-0020,AQS,.,31,6,.,57,36
3/25/2019,50,Ozone,MT RAINIER - JACKSON VISITIORS CENTER,53-053-0012,AQS,8,50,4,12,35,32
3/26/2019,47,Ozone,MT RAINIER - JACKSON VISITIORS CENTER,53-053-0012,AQS,6,47,0,.,31,41
3/27/2019,47,Ozone,MT RAINIER - JACKSON VISITIORS CENTER,53-053-0012,AQS,5,47,1,.,26,30
3/28/2019,46,Ozone,MT RAINIER - JACKSON VISITIORS CENTER,53-053-0012,AQS,3,46,.,.,30,42
3/29/2019,45,NO2,Seattle-10th & Weller,53-033-0030,AQS,3,44,6,.,44,45
3/30/2019,50,PM2.5,MARYSVILLE - 7TH AVE (Marysville Junior High),53-061-1007,AQS,.,43,3,.,50,35
3/31/2019,52,PM2.5,TACOMA - L STREET,53-053-0029,AQS,.,44,1,.,52,36
4/1/2019,47,Ozone,MT RAINIER - JACKSON VISITIORS CENTER,53-053-0012,AQS,3,47,1,.,44,37
4/2/2019,46,Ozone,MT RAINIER - JACKSON VISITIORS CENTER,53-053-0012,AQS,3,46,3,.,39,39
4/3/2019,44,Ozone,MT RAINIER - JACKSON VISITIORS CENTER,53-053-0012,AQS,3,44,1,.,31,25
4/4/2019,46,Ozone,MT RAINIER - JACKSON VISITIORS CENTER,53-053-0012,AQS,2,46,3,.,37,38
4/5/2019,47,Ozone,MT RAINIER - JACKSON VISITIORS CENTER,53-053-0012,AQS,2,47,0,.,31,18
4/6/2019,48,Ozone,MT RAINIER - JACKSON VISITIORS CENTER,53-053-0012,AQS,2,48,1,.,27,21
4/7/2019,45,Ozone,MT RAINIER - JACKSON VISITIORS CENTER,53-053-0012,AQS,6,45,1,.,23,31
4/8/2019,44,Ozone,MT RAINIER - JACKSON VISITIORS CENTER,53-053-0012,AQS,7,44,1,.,31,29
4/9/2019,41,Ozone,MT RAINIER - JACKSON VISITIORS CENTER,53-053-0012,AQS,5,41,0,.,23,25
4/10/2019,43,Ozone,MT RAINIER - JACKSON VISITIORS CENTER,53-053-0012,AQS,6,43,0,.,23,25
4/11/2019,43,Ozone,MT RAINIER - JACKSON VISITIORS CENTER,53-053-0012,AQS,6,43,0,.,18,31
4/12/2019,41,Ozone,MT RAINIER - JACKSON VISITIORS CENTER,53-053-0012,AQS,6,41,.,5,28,34
4/13/2019,47,Ozone,MT RAINIER - JACKSON VISITIORS CENTER,53-053-0012,AQS,5,47,.,.,25,16
4/14/2019,46,Ozone,MT RAINIER - JACKSON VISITIORS CENTER,53-053-0012,AQS,5,46,.,.,22,14
4/15/2019,47,Ozone,MT RAINIER - JACKSON VISITIORS CENTER,53-053-0012,AQS,6,47,.,5,21,39
4/16/2019,45,Ozone,MT RAINIER - JACKSON VISITIORS CENTER,53-053-0012,AQS,6,45,1,.,25,29
4/17/2019,43,Ozone,MT RAINIER - JACKSON VISITIORS CENTER,53-053-0012,AQS,6,43,1,.,20,27
4/18/2019,31,Ozone,ISSAQUAH -  LAKE SAMMAMISH (Wiithin Lake Sammamish State Park),53-033-0010,AirNow,6,31,1,5,20,28
4/19/2019,42,Ozone,MT RAINIER - JACKSON VISITIORS CENTER,53-053-0012,AQS,5,42,1,.,23,39
4/20/2019,38,PM2.5,MARYSVILLE - 7TH AVE (Marysville Junior High),53-061-1007,AQS,7,37,1,.,38,38
4/21/2019,44,Ozone,MT RAINIER - JACKSON VISITIORS CENTER,53-053-0012,AQS,7,44,1,12,42,41
4/22/2019,40,PM2.5,SEATTLE - DUWAMISH,53-033-0057,AQS,6,33,1,.,40,28
4/23/2019,37,Ozone,SEATTLE - BEACON HILL,53-033-0080,AQS,6,37,0,.,26,30
4/24/2019,43,Ozone,ISSAQUAH -  LAKE SAMMAMISH (Wiithin Lake Sammamish State Park),53-033-0010,AirNow,6,43,0,12,31,40
4/25/2019,34,NO2,Tacoma-S 36th St,53-053-0024,AQS,6,33,1,.,33,34
4/26/2019,45,Ozone,ENUMCLAW - MUD MTN (Army Corp of Engineers site),53-033-0023,AirNow,6,45,1,.,34,32
4/27/2019,42,Ozone,ENUMCLAW - MUD MTN (Army Corp of Engineers site),53-033-0023,AirNow,5,42,1,8,22,16
4/28/2019,38,Ozone,ENUMCLAW - MUD MTN (Army Corp of Engineers site),53-033-0023,AirNow,5,38,1,.,31,17
4/29/2019,41,Ozone,SEATTLE - BEACON HILL,53-033-0080,AQS,5,41,1,.,23,29
4/30/2019,44,Ozone,ISSAQUAH -  LAKE SAMMAMISH (Wiithin Lake Sammamish State Park),53-033-0010,AirNow,6,44,1,6,32,35
5/1/2019,44,Ozone,NORTH BEND - NORTH BEND WAY,53-033-0017,AQS,6,44,1,.,38,30
5/2/2019,41,Ozone,SEATTLE - BEACON HILL,53-033-0080,AQS,5,41,1,.,36,29
5/3/2019,38,Ozone,MT RAINIER - JACKSON VISITIORS CENTER,53-053-0012,AQS,6,38,1,11,36,36
5/4/2019,42,Ozone,MT RAINIER - JACKSON VISITIORS CENTER,53-053-0012,AQS,7,42,1,.,34,34
5/5/2019,41,Ozone,MT RAINIER - JACKSON VISITIORS CENTER,53-053-0012,AQS,6,41,1,.,40,27
5/6/2019,44,Ozone,MT RAINIER - JACKSON VISITIORS CENTER,53-053-0012,AQS,6,44,3,13,33,35
5/7/2019,44,Ozone,MT RAINIER - JACKSON VISITIORS CENTER,53-053-0012,AQS,6,44,1,.,31,43
5/8/2019,45,PM2.5,Seattle-10th & Weller,53-033-0030,AQS,7,42,1,.,45,42
5/9/2019,51,Ozone,MT RAINIER - JACKSON VISITIORS CENTER,53-053-0012,AQS,6,51,1,12,37,43
5/10/2019,74,Ozone,MT RAINIER - JACKSON VISITIORS CENTER,53-053-0012,AQS,8,74,6,.,48,54
5/11/2019,90,Ozone,NORTH BEND - NORTH BEND WAY,53-033-0017,AQS,7,90,4,.,54,50
5/12/2019,54,Ozone,MT RAINIER - JACKSON VISITIORS CENTER,53-053-0012,AQS,6,54,1,9,28,38
5/13/2019,58,Ozone,MT RAINIER - JACKSON VISITIORS CENTER,53-053-0012,AQS,6,58,1,.,40,39
5/14/2019,46,Ozone,MT RAINIER - JACKSON VISITIORS CENTER,53-053-0012,AQS,6,46,1,.,29,32
5/15/2019,42,Ozone,MT RAINIER - JACKSON VISITIORS CENTER,53-053-0012,AQS,7,42,1,7,30,40
5/16/2019,45,PM2.5,SEATTLE - SOUTH PARK #2,53-033-1011,AQS,7,40,1,.,45,33
5/17/2019,40,Ozone,MT RAINIER - JACKSON VISITIORS CENTER,53-053-0012,AQS,5,40,1,.,20,28
5/18/2019,45,Ozone,MT RAINIER - JACKSON VISITIORS CENTER,53-053-0012,AQS,5,45,3,6,23,30
5/19/2019,38,Ozone,SEATTLE - BEACON HILL,53-033-0080,AQS,6,38,1,.,25,34
5/20/2019,54,Ozone,MT RAINIER - JACKSON VISITIORS CENTER,53-053-0012,AQS,5,54,1,.,25,26
5/21/2019,45,PM2.5,TACOMA - ALEXANDER AVE,53-053-0031,AQS,5,42,1,5,45,42
5/22/2019,46,PM2.5,Seattle-10th & Weller,53-033-0030,AQS,7,46,3,.,46,35
5/23/2019,52,PM2.5,Seattle-10th & Weller,53-033-0030,AQS,7,45,3,.,52,51
5/24/2019,40,PM2.5,SEATTLE - DUWAMISH,53-033-0057,AQS,6,38,1,13,40,22
5/25/2019,45,Ozone,MT RAINIER - JACKSON VISITIORS CENTER,53-053-0012,AQS,6,45,1,.,24,28
5/26/2019,44,Ozone,MT RAINIER - JACKSON VISITIORS CENTER,53-053-0012,AQS,8,44,1,.,36,37
5/27/2019,53,PM2.5,SEATTLE - DUWAMISH,53-033-0057,AQS,8,41,1,10,53,26
5/28/2019,51,PM2.5,SEATTLE - SOUTH PARK #2,53-033-1011,AQS,6,31,1,.,51,25
5/29/2019,44,PM2.5,Tukwila Allentown,53-033-0069,AQS,7,44,1,.,44,42
5/30/2019,52,PM2.5,Seattle-10th & Weller,53-033-0030,AQS,8,35,3,14,52,46
5/31/2019,54,PM2.5,Seattle-10th & Weller,53-033-0030,AQS,8,36,3,.,54,41
6/1/2019,41,PM2.5,Seattle-10th & Weller,53-033-0030,AQS,8,41,1,.,41,38
6/2/2019,37,Ozone,NORTH BEND - NORTH BEND WAY,53-033-0017,AQS,5,37,1,13,36,25
6/3/2019,36,Ozone,NORTH BEND - NORTH BEND WAY,53-033-0017,AQS,5,36,1,.,30,19
6/4/2019,41,Ozone,NORTH BEND - NORTH BEND WAY,53-033-0017,AQS,7,41,1,.,28,35
6/5/2019,36,Ozone,MT RAINIER - JACKSON VISITIORS CENTER,53-053-0012,AQS,5,36,1,8,27,32
6/6/2019,31,Ozone,MT RAINIER - JACKSON VISITIORS CENTER,53-053-0012,AQS,5,31,1,.,20,26
6/7/2019,29,Ozone,MT RAINIER - JACKSON VISITIORS CENTER,53-053-0012,AQS,5,29,3,.,18,25
6/8/2019,32,Ozone,ENUMCLAW - MUD MTN (Army Corp of Engineers site),53-033-0023,AQS,5,32,1,6,25,16
6/9/2019,39,Ozone,MT RAINIER - JACKSON VISITIORS CENTER,53-053-0012,AQS,6,39,1,.,23,16
6/10/2019,39,Ozone,MT RAINIER - JACKSON VISITIORS CENTER,53-053-0012,AQS,5,39,1,.,23,26
6/11/2019,48,Ozone,ENUMCLAW - MUD MTN (Army Corp of Engineers site),53-033-0023,AQS,6,48,1,9,29,26
6/12/2019,66,NO2,Seattle-10th & Weller,53-033-0030,AQS,8,51,3,.,47,66
6/13/2019,44,Ozone,MT RAINIER - JACKSON VISITIORS CENTER,53-053-0012,AQS,7,44,1,.,42,36
6/14/2019,32,PM2.5,TACOMA - ALEXANDER AVE,53-053-0031,AQS,5,26,.,7,32,23
6/15/2019,36,PM2.5,Seattle-10th & Weller,53-033-0030,AQS,6,36,.,.,36,35
6/16/2019,37,NO2,Seattle-10th & Weller,53-033-0030,AQS,6,36,.,.,32,37
6/17/2019,32,NO2,Seattle-10th & Weller,53-033-0030,AQS,6,31,1,7,27,32
6/18/2019,26,Ozone,MT RAINIER - JACKSON VISITIORS CENTER,53-053-0012,AQS,5,26,1,.,23,19
6/19/2019,31,Ozone,MT RAINIER - JACKSON VISITIORS CENTER,53-053-0012,AQS,5,31,1,.,24,21
6/20/2019,27,PM2.5,TACOMA - ALEXANDER AVE,53-053-0031,AQS,5,25,1,6,27,24
6/21/2019,29,PM2.5,Tacoma-S 36th St,53-053-0024,AQS,5,27,1,.,29,22
6/22/2019,25,PM2.5,SEATTLE - SOUTH PARK #2,53-033-1011,AQS,5,20,1,.,25,24
6/23/2019,25,PM2.5,SEATTLE - SOUTH PARK #2,53-033-1011,AQS,3,24,1,7,25,21
6/24/2019,31,Ozone,ISSAQUAH -  LAKE SAMMAMISH (Wiithin Lake Sammamish State Park),53-033-0010,AQS,6,31,1,.,25,25
6/25/2019,37,Ozone,NORTH BEND - NORTH BEND WAY,53-033-0017,AQS,6,37,3,.,30,31
6/26/2019,34,Ozone,MT RAINIER - JACKSON VISITIORS CENTER,53-053-0012,AQS,5,34,1,.,27,31
6/27/2019,32,Ozone,MT RAINIER - JACKSON VISITIORS CENTER,53-053-0012,AQS,5,32,1,.,21,22
6/28/2019,31,Ozone,ISSAQUAH -  LAKE SAMMAMISH (Wiithin Lake Sammamish State Park),53-033-0010,AQS,5,31,1,.,21,25
6/29/2019,39,Ozone,ISSAQUAH -  LAKE SAMMAMISH (Wiithin Lake Sammamish State Park),53-033-0010,AQS,6,39,1,8,30,24
6/30/2019,44,Ozone,ENUMCLAW - MUD MTN (Army Corp of Engineers site),53-033-0023,AQS,5,44,1,.,28,25
7/1/2019,43,Ozone,NORTH BEND - NORTH BEND WAY,53-033-0017,AQS,7,43,3,.,29,35
7/2/2019,30,PM2.5,TACOMA - ALEXANDER AVE,53-053-0031,AQS,7,24,1,5,30,28
7/3/2019,31,PM2.5,Seattle-10th & Weller,53-033-0030,AQS,8,21,1,.,31,30
7/4/2019,69,PM2.5,PUYALLUP - 128TH ST,53-053-1018,AQS,7,32,4,.,69,26
7/5/2019,77,PM2.5,MARYSVILLE - 7TH AVE (Marysville Junior High),53-061-1007,AQS,6,20,1,9,77,22
7/6/2019,30,PM2.5,TACOMA - ALEXANDER AVE,53-053-0031,AQS,6,26,1,.,30,29
7/7/2019,30,PM2.5,SEATTLE - SOUTH PARK #2,53-033-1011,AQS,5,23,1,.,30,20
7/8/2019,34,PM2.5,SEATTLE - SOUTH PARK #2,53-033-1011,AQS,7,31,3,7,34,34
7/9/2019,40,PM2.5,Seattle-10th & Weller,53-033-0030,AQS,7,26,3,.,40,31
7/10/2019,25,PM2.5,KENT - JAMES & CENTRAL,53-033-2004,AirNow,6,21,1,.,25,25
7/11/2019,26,NO2,Seattle-10th & Weller,53-033-0030,AQS,6,19,.,6,25,26
7/12/2019,31,Ozone,ISSAQUAH -  LAKE SAMMAMISH (Wiithin Lake Sammamish State Park),53-033-0010,AQS,6,31,3,.,29,28
7/13/2019,28,PM2.5,SEATTLE - SOUTH PARK #2,53-033-1011,AQS,5,27,1,.,28,22
7/14/2019,35,Ozone,ISSAQUAH -  LAKE SAMMAMISH (Wiithin Lake Sammamish State Park),53-033-0010,AQS,5,35,1,7,32,20
7/15/2019,31,Ozone,MT RAINIER - JACKSON VISITIORS CENTER,53-053-0012,AQS,6,31,3,.,25,27
7/16/2019,32,NO2,Seattle-10th & Weller,53-033-0030,AQS,6,27,4,.,29,32
7/17/2019,25,Ozone,MT RAINIER - JACKSON VISITIORS CENTER,53-053-0012,AQS,5,25,1,4,19,24
7/18/2019,28,Ozone,MT RAINIER - JACKSON VISITIORS CENTER,53-053-0012,AQS,5,28,1,.,24,19
7/19/2019,28,Ozone,ISSAQUAH -  LAKE SAMMAMISH (Wiithin Lake Sammamish State Park),53-033-0010,AQS,6,28,1,.,25,24
7/20/2019,51,PM2.5,SEATTLE - DUWAMISH,53-033-0057,AQS,5,37,1,8,51,32
7/21/2019,47,Ozone,ENUMCLAW - MUD MTN (Army Corp of Engineers site),53-033-0023,AQS,5,47,1,.,34,30
7/22/2019,45,Ozone,NORTH BEND - NORTH BEND WAY,53-033-0017,AQS,6,45,1,.,26,25
7/23/2019,30,Ozone,MT RAINIER - JACKSON VISITIORS CENTER,53-053-0012,AQS,6,30,1,7,25,19
7/24/2019,34,Ozone,ENUMCLAW - MUD MTN (Army Corp of Engineers site),53-033-0023,AQS,5,34,1,.,25,20
7/25/2019,41,Ozone,MT RAINIER - JACKSON VISITIORS CENTER,53-053-0012,AQS,6,41,1,.,28,27
7/26/2019,43,Ozone,ENUMCLAW - MUD MTN (Army Corp of Engineers site),53-033-0023,AQS,6,43,6,7,29,32
7/27/2019,29,Ozone,ENUMCLAW - MUD MTN (Army Corp of Engineers site),53-033-0023,AQS,5,29,1,.,23,21
7/28/2019,38,Ozone,ENUMCLAW - MUD MTN (Army Corp of Engineers site),53-033-0023,AQS,5,38,1,.,23,14
7/29/2019,40,Ozone,NORTH BEND - NORTH BEND WAY,53-033-0017,AQS,7,40,3,11,34,27
7/30/2019,42,NO2,Seattle-10th & Weller,53-033-0030,AQS,6,36,1,.,28,42
7/31/2019,41,Ozone,ENUMCLAW - MUD MTN (Army Corp of Engineers site),53-033-0023,AQS,6,41,1,.,33,38
8/1/2019,36,Ozone,ISSAQUAH -  LAKE SAMMAMISH (Wiithin Lake Sammamish State Park),53-033-0010,AQS,5,36,1,6,21,21
8/2/2019,137,PM2.5,TACOMA - L STREET,53-053-0029,AirNow,6,26,1,.,137,25
8/3/2019,56,PM2.5,SEATTLE - DUWAMISH,53-033-0057,AirNow,6,41,1,.,56,22
8/4/2019,61,Ozone,ENUMCLAW - MUD MTN (Army Corp of Engineers site),53-033-0023,AQS,7,61,1,13,54,42
8/5/2019,87,Ozone,ENUMCLAW - MUD MTN (Army Corp of Engineers site),53-033-0023,AQS,8,87,3,.,74,41
8/6/2019,49,PM2.5,Tukwila Allentown,53-033-0069,AQS,7,47,1,.,49,36
8/7/2019,43,PM2.5,Tukwila Allentown,53-033-0069,AQS,6,40,1,10,43,29
8/8/2019,31,Ozone,SEATTLE - BEACON HILL,53-033-0080,AQS,6,31,1,.,27,26
8/9/2019,36,Ozone,MT RAINIER - JACKSON VISITIORS CENTER,53-053-0012,AQS,7,36,1,.,32,34
8/10/2019,35,PM2.5,SEATTLE - SOUTH PARK #2,53-033-1011,AQS,3,27,3,9,35,28
8/11/2019,28,PM2.5,SEATTLE - DUWAMISH,53-033-0057,AirNow,2,28,1,.,28,14
8/12/2019,39,Ozone,MT RAINIER - JACKSON VISITIORS CENTER,53-053-0012,AQS,2,39,1,.,26,33
8/13/2019,49,Ozone,NORTH BEND - NORTH BEND WAY,53-033-0017,AQS,5,49,3,8,37,29
8/14/2019,50,Ozone,ENUMCLAW - MUD MTN (Army Corp of Engineers site),53-033-0023,AQS,6,50,1,.,33,41
8/15/2019,36,Ozone,NORTH BEND - NORTH BEND WAY,53-033-0017,AQS,6,36,1,.,29,34
8/16/2019,39,PM2.5,SEATTLE - DUWAMISH,53-033-0057,AirNow,6,24,1,11,39,22
8/17/2019,33,PM2.5,SEATTLE - DUWAMISH,53-033-0057,AirNow,6,30,1,.,33,23
8/18/2019,32,Ozone,ENUMCLAW - MUD MTN (Army Corp of Engineers site),53-033-0023,AQS,6,32,1,.,28,24
8/19/2019,42,Ozone,MT RAINIER - JACKSON VISITIORS CENTER,53-053-0012,AQS,6,42,3,7,34,23
8/20/2019,44,Ozone,ENUMCLAW - MUD MTN (Army Corp of Engineers site),53-033-0023,AQS,7,44,3,.,38,36
8/21/2019,40,PM2.5,SEATTLE - DUWAMISH,53-033-0057,AirNow,6,39,1,.,40,33
8/22/2019,39,NO2,Seattle-10th & Weller,53-033-0030,AQS,7,37,1,12,37,39
8/23/2019,45,PM2.5,SEATTLE - DUWAMISH,53-033-0057,AirNow,7,36,.,.,45,32
8/24/2019,35,PM2.5,SEATTLE - DUWAMISH,53-033-0057,AirNow,6,31,.,.,35,27
8/25/2019,41,NO2,Seattle-10th & Weller,53-033-0030,AQS,6,39,.,10,30,41
8/26/2019,54,PM2.5,SEATTLE - DUWAMISH,53-033-0057,AirNow,6,41,.,.,54,24
8/27/2019,54,Ozone,ENUMCLAW - MUD MTN (Army Corp of Engineers site),53-033-0023,AirNow,7,54,.,.,51,23
8/28/2019,90,Ozone,ENUMCLAW - MUD MTN (Army Corp of Engineers site),53-033-0023,AirNow,7,90,.,12,43,39
8/29/2019,49,PM2.5,SEATTLE - DUWAMISH,53-033-0057,AirNow,7,43,.,.,49,32
8/30/2019,42,PM2.5,SEATTLE - DUWAMISH,53-033-0057,AirNow,7,35,.,.,42,34
8/31/2019,62,PM2.5,LAKE FOREST PARK TOWNE CENTER,53-033-0024,AQS,6,35,1,11,62,28
9/1/2019,31,Ozone,ISSAQUAH -  LAKE SAMMAMISH (Wiithin Lake Sammamish State Park),53-033-0010,AQS,6,31,0,.,25,24
9/2/2019,43,Ozone,ENUMCLAW - MUD MTN (Army Corp of Engineers site),53-033-0023,AirNow,6,43,0,.,35,30
9/3/2019,47,PM2.5,SEATTLE - DUWAMISH,53-033-0057,AirNow,7,41,.,13,47,35
9/4/2019,44,PM2.5,SEATTLE - DUWAMISH,53-033-0057,AirNow,6,38,.,.,44,30
9/5/2019,54,PM2.5,SEATTLE - DUWAMISH,53-033-0057,AirNow,7,40,.,.,54,42
9/6/2019,42,Ozone,MT RAINIER - JACKSON VISITIORS CENTER,53-053-0012,AQS,7,42,1,11,40,41
9/7/2019,42,Ozone,MT RAINIER - JACKSON VISITIORS CENTER,53-053-0012,AQS,6,42,1,.,32,24
9/8/2019,31,Ozone,MT RAINIER - JACKSON VISITIORS CENTER,53-053-0012,AQS,5,31,0,.,21,19
9/9/2019,35,Ozone,MT RAINIER - JACKSON VISITIORS CENTER,53-053-0012,AQS,5,35,0,4,24,25
9/10/2019,30,Ozone,MT RAINIER - JACKSON VISITIORS CENTER,53-053-0012,AQS,6,30,0,.,29,30
9/11/2019,36,PM2.5,SEATTLE - SOUTH PARK #2,53-033-1011,AQS,7,31,0,.,36,31
9/12/2019,34,Ozone,ENUMCLAW - MUD MTN (Army Corp of Engineers site),53-033-0023,AirNow,7,34,1,7,29,26
9/13/2019,30,PM2.5,SEATTLE - DUWAMISH,53-033-0057,AirNow,6,30,0,.,30,22
9/14/2019,31,PM2.5,SEATTLE - DUWAMISH,53-033-0057,AirNow,5,31,0,.,31,21
9/15/2019,39,Ozone,MT RAINIER - JACKSON VISITIORS CENTER,53-053-0012,AQS,5,39,0,4,31,16
9/16/2019,33,PM2.5,SEATTLE - DUWAMISH,53-033-0057,AirNow,7,27,0,.,33,28
9/17/2019,32,Ozone,MT RAINIER - JACKSON VISITIORS CENTER,53-053-0012,AQS,5,32,0,.,25,20
9/18/2019,31,Ozone,MT RAINIER - JACKSON VISITIORS CENTER,53-053-0012,AQS,6,31,0,.,28,26
9/19/2019,39,PM2.5,Seattle-10th & Weller,53-033-0030,AQS,8,24,3,.,39,27
9/20/2019,37,PM2.5,SEATTLE - DUWAMISH,53-033-0057,AirNow,6,21,0,.,37,26
9/21/2019,41,PM2.5,MARYSVILLE - 7TH AVE (Marysville Junior High),53-061-1007,AQS,6,22,0,.,41,19
9/22/2019,35,PM2.5,SEATTLE - DUWAMISH,53-033-0057,AirNow,5,29,0,.,35,21
9/23/2019,56,PM2.5,SEATTLE - DUWAMISH,53-033-0057,AirNow,5,30,0,.,56,25
9/24/2019,33,Ozone,MT RAINIER - JACKSON VISITIORS CENTER,53-053-0012,AQS,5,33,1,.,32,33
9/25/2019,81,PM2.5,SEATTLE - DUWAMISH,53-033-0057,AirNow,6,31,0,.,81,27
9/26/2019,29,NO2,Seattle-10th & Weller,53-033-0030,AQS,7,26,0,.,26,29
9/27/2019,31,Ozone,MT RAINIER - JACKSON VISITIORS CENTER,53-053-0012,AQS,6,31,0,.,30,31
9/28/2019,29,PM2.5,MARYSVILLE - 7TH AVE (Marysville Junior High),53-061-1007,AQS,3,28,0,.,29,17
9/29/2019,33,PM2.5,MARYSVILLE - 7TH AVE (Marysville Junior High),53-061-1007,AQS,5,25,0,.,33,17
9/30/2019,41,PM2.5,MARYSVILLE - 7TH AVE (Marysville Junior High),53-061-1007,AQS,6,25,0,.,41,23
10/1/2019,57,PM2.5,MARYSVILLE - 7TH AVE (Marysville Junior High),53-061-1007,AQS,6,30,1,.,57,28
10/2/2019,50,PM2.5,MARYSVILLE - 7TH AVE (Marysville Junior High),53-061-1007,AQS,8,32,3,.,50,32
10/3/2019,33,PM2.5,SEATTLE - DUWAMISH,53-033-0057,AQS,8,31,0,6,33,23
10/4/2019,31,PM2.5,SEATTLE - DUWAMISH,53-033-0057,AQS,5,31,0,.,31,25
10/5/2019,33,PM2.5,MARYSVILLE - 7TH AVE (Marysville Junior High),53-061-1007,AQS,6,32,0,.,33,25
10/6/2019,43,PM2.5,MARYSVILLE - 7TH AVE (Marysville Junior High),53-061-1007,AQS,6,33,0,7,43,23
10/7/2019,37,Ozone,MT RAINIER - JACKSON VISITIORS CENTER,53-053-0012,AQS,6,37,0,.,28,16
10/8/2019,36,Ozone,MT RAINIER - JACKSON VISITIORS CENTER,53-053-0012,AQS,5,36,0,.,32,25
10/9/2019,46,PM2.5,MARYSVILLE - 7TH AVE (Marysville Junior High),53-061-1007,AQS,5,28,0,5,46,24
10/10/2019,54,PM2.5,MARYSVILLE - 7TH AVE (Marysville Junior High),53-061-1007,AQS,6,45,0,.,54,21
10/11/2019,61,PM2.5,TACOMA - L STREET,53-053-0029,AQS,10,44,0,.,61,41
10/12/2019,62,PM2.5,TACOMA - L STREET,53-053-0029,AQS,9,41,1,14,62,27
10/13/2019,59,PM2.5,MARYSVILLE - 7TH AVE (Marysville Junior High),53-061-1007,AQS,7,32,1,.,59,31
10/14/2019,63,PM2.5,MARYSVILLE - 7TH AVE (Marysville Junior High),53-061-1007,AQS,7,41,1,.,63,37
10/15/2019,64,PM2.5,SEATTLE - DUWAMISH,53-033-0057,AirNow,8,48,1,16,64,35
10/16/2019,56,PM2.5,SEATTLE - DUWAMISH,53-033-0057,AQS,7,23,1,.,56,35
10/17/2019,53,PM2.5,SEATTLE - DUWAMISH,53-033-0057,AQS,3,36,0,.,53,27
10/18/2019,40,PM2.5,SEATTLE - DUWAMISH,53-033-0057,AQS,2,33,0,6,40,28
10/19/2019,36,Ozone,MT RAINIER - JACKSON VISITIORS CENTER,53-053-0012,AQS,2,36,0,.,25,23
10/20/2019,41,Ozone,MT RAINIER - JACKSON VISITIORS CENTER,53-053-0012,AQS,2,41,0,.,33,22
10/21/2019,48,PM2.5,SEATTLE - DUWAMISH,53-033-0057,AQS,6,24,0,13,48,29
10/22/2019,46,PM2.5,MARYSVILLE - 7TH AVE (Marysville Junior High),53-061-1007,AQS,5,25,0,.,46,28
10/23/2019,47,PM2.5,MARYSVILLE - 7TH AVE (Marysville Junior High),53-061-1007,AQS,5,15,0,.,47,26
10/24/2019,60,PM2.5,TACOMA - L STREET,53-053-0029,AQS,9,40,3,18,60,31
10/25/2019,50,PM2.5,SEATTLE - DUWAMISH,53-033-0057,AirNow,9,33,3,.,50,25
10/26/2019,36,PM2.5,SEATTLE - DUWAMISH,53-033-0057,AirNow,7,33,0,.,36,29
10/27/2019,60,PM2.5,MARYSVILLE - 7TH AVE (Marysville Junior High),53-061-1007,AQS,5,33,0,6,60,25
10/28/2019,62,PM2.5,MARYSVILLE - 7TH AVE (Marysville Junior High),53-061-1007,AQS,7,31,0,.,62,23
10/29/2019,66,PM2.5,MARYSVILLE - 7TH AVE (Marysville Junior High),53-061-1007,AQS,6,42,0,.,66,31
10/30/2019,64,PM2.5,MARYSVILLE - 7TH AVE (Marysville Junior High),53-061-1007,AQS,6,43,0,9,64,34
10/31/2019,84,PM2.5,TACOMA - L STREET,53-053-0029,AQS,8,39,3,.,84,35
11/1/2019,75,PM2.5,TACOMA - L STREET,53-053-0029,AQS,7,43,1,.,75,28
11/2/2019,90,PM2.5,MARYSVILLE - 7TH AVE (Marysville Junior High),53-061-1007,AQS,7,41,1,16,90,28
11/3/2019,93,PM2.5,TACOMA - L STREET,53-053-0029,AQS,7,35,0,.,93,23
11/4/2019,84,PM2.5,MARYSVILLE - 7TH AVE (Marysville Junior High),53-061-1007,AQS,6,38,0,.,84,26
11/5/2019,67,PM2.5,DARRINGTON - FIR ST (Darrington High School),53-061-0020,AQS,6,37,1,9,67,23
11/6/2019,76,PM2.5,TACOMA - L STREET,53-053-0029,AirNow,6,41,0,.,76,21
11/7/2019,82,PM2.5,TACOMA - L STREET,53-053-0029,AQS,9,43,4,.,82,33
11/8/2019,76,PM2.5,TACOMA - L STREET,53-053-0029,AQS,10,44,1,.,76,36
11/9/2019,61,PM2.5,SEATTLE - DUWAMISH,53-033-0057,AirNow,6,43,0,.,61,18
11/10/2019,58,PM2.5,SEATTLE - DUWAMISH,53-033-0057,AirNow,6,33,0,.,58,17
11/11/2019,57,PM2.5,TACOMA - L STREET,53-053-0029,AirNow,9,45,1,12,57,27
11/12/2019,55,PM2.5,SEATTLE - DUWAMISH,53-033-0057,AirNow,8,41,1,.,55,29
11/13/2019,61,PM2.5,SEATTLE - DUWAMISH,53-033-0057,AirNow,5,9,0,.,61,18
11/14/2019,72,PM2.5,SEATTLE - DUWAMISH,53-033-0057,AirNow,9,41,3,16,72,26
11/15/2019,43,PM2.5,SEATTLE - DUWAMISH,53-033-0057,AirNow,7,38,0,.,43,26
11/16/2019,48,PM2.5,DARRINGTON - FIR ST (Darrington High School),53-061-0020,AQS,7,42,0,.,48,22
11/17/2019,44,Ozone,MT RAINIER - JACKSON VISITIORS CENTER,53-053-0012,AQS,7,44,0,7,36,23
11/18/2019,45,PM2.5,SEATTLE - DUWAMISH,53-033-0057,AirNow,6,44,1,.,45,25
11/19/2019,37,NO2,Seattle-10th & Weller,53-033-0030,AQS,5,19,0,.,36,37
11/20/2019,55,PM2.5,MARYSVILLE - 7TH AVE (Marysville Junior High),53-061-1007,AQS,6,11,0,8,55,25
11/21/2019,81,PM2.5,TACOMA - L STREET,53-053-0029,AQS,11,2,4,.,81,29
11/22/2019,89,PM2.5,SEATTLE - DUWAMISH,53-033-0057,AirNow,13,42,3,.,89,26
11/23/2019,66,PM2.5,SEATTLE - DUWAMISH,53-033-0057,AirNow,10,43,1,14,66,19
11/24/2019,45,PM2.5,MARYSVILLE - 7TH AVE (Marysville Junior High),53-061-1007,AQS,6,38,0,.,45,25
11/25/2019,38,Ozone,MT RAINIER - JACKSON VISITIORS CENTER,53-053-0012,AQS,6,38,0,.,33,30
11/26/2019,45,PM2.5,DARRINGTON - FIR ST (Darrington High School),53-061-0020,AQS,5,39,0,4,45,26
11/27/2019,52,PM2.5,DARRINGTON - FIR ST (Darrington High School),53-061-0020,AQS,5,35,0,.,52,24
11/28/2019,68,PM2.5,MARYSVILLE - 7TH AVE (Marysville Junior High),53-061-1007,AQS,3,34,0,.,68,18
11/29/2019,84,PM2.5,MARYSVILLE - 7TH AVE (Marysville Junior High),53-061-1007,AQS,7,37,0,8,84,28
11/30/2019,92,PM2.5,MARYSVILLE - 7TH AVE (Marysville Junior High),53-061-1007,AQS,9,26,0,.,92,25
12/1/2019,75,PM2.5,MARYSVILLE - 7TH AVE (Marysville Junior High),53-061-1007,AQS,7,39,0,.,75,35
12/2/2019,76,PM2.5,TACOMA - L STREET,53-053-0029,AQS,13,39,3,16,76,37
12/3/2019,72,PM2.5,DARRINGTON - FIR ST (Darrington High School),53-061-0020,AQS,13,39,1,.,72,30
12/4/2019,54,PM2.5,DARRINGTON - FIR ST (Darrington High School),53-061-0020,AirNow,7,38,1,.,54,35
12/5/2019,67,PM2.5,SEATTLE - DUWAMISH,53-033-0057,AirNow,9,36,3,.,67,27
12/6/2019,62,PM2.5,SEATTLE - DUWAMISH,53-033-0057,AirNow,9,38,3,.,62,30
12/7/2019,44,PM2.5,SEATTLE - DUWAMISH,53-033-0057,AirNow,8,38,1,.,44,23
12/8/2019,52,PM2.5,TACOMA - L STREET,53-053-0029,AirNow,7,34,0,.,52,18
12/9/2019,58,PM2.5,SEATTLE - DUWAMISH,53-033-0057,AirNow,5,45,0,.,58,23
12/10/2019,69,PM2.5,DARRINGTON - FIR ST (Darrington High School),53-061-0020,AQS,6,44,0,.,69,20
12/11/2019,66,PM2.5,DARRINGTON - FIR ST (Darrington High School),53-061-0020,AirNow,6,39,1,.,66,26
12/12/2019,43,Ozone,MT RAINIER - JACKSON VISITIORS CENTER,53-053-0012,AQS,5,43,0,.,39,38
12/13/2019,41,Ozone,MT RAINIER - JACKSON VISITIORS CENTER,53-053-0012,AQS,7,41,0,.,38,37
12/14/2019,60,PM2.5,MARYSVILLE - 7TH AVE (Marysville Junior High),53-061-1007,AQS,6,37,0,.,60,27
12/15/2019,63,PM2.5,MARYSVILLE - 7TH AVE (Marysville Junior High),53-061-1007,AQS,7,39,0,.,63,25
12/16/2019,58,PM2.5,TACOMA - L STREET,53-053-0029,AQS,7,41,0,.,58,32
12/17/2019,73,PM2.5,TACOMA - L STREET,53-053-0029,AQS,11,43,4,.,73,42
12/18/2019,66,PM2.5,SEATTLE - DUWAMISH,53-033-0057,AQS,11,43,3,.,66,45
12/19/2019,41,Ozone,MT RAINIER - JACKSON VISITIORS CENTER,53-053-0012,AQS,5,41,0,.,39,28
12/20/2019,54,NO2,Seattle-10th & Weller,53-033-0030,AQS,8,40,0,4,34,54
12/21/2019,41,Ozone,MT RAINIER - JACKSON VISITIORS CENTER,53-053-0012,AQS,7,41,0,.,32,19
12/22/2019,41,Ozone,MT RAINIER - JACKSON VISITIORS CENTER,53-053-0012,AQS,3,41,0,.,40,19
12/23/2019,52,PM2.5,MARYSVILLE - 7TH AVE (Marysville Junior High),53-061-1007,AQS,5,39,0,6,52,25
12/24/2019,59,PM2.5,TACOMA - L STREET,53-053-0029,AQS,8,42,1,.,59,27
12/25/2019,78,PM2.5,TACOMA - L STREET,53-053-0029,AQS,8,41,0,.,78,19
12/26/2019,89,PM2.5,DARRINGTON - FIR ST (Darrington High School),53-061-0020,AQS,9,15,1,13,89,25
12/27/2019,55,PM2.5,DARRINGTON - FIR ST (Darrington High School),53-061-0020,AQS,9,14,.,.,55,26
12/28/2019,68,PM2.5,DARRINGTON - FIR ST (Darrington High School),53-061-0020,AQS,9,10,1,.,68,23
12/29/2019,64,PM2.5,TACOMA - L STREET,53-053-0029,AQS,8,15,3,7,64,24
12/30/2019,60,PM2.5,DARRINGTON - FIR ST (Darrington High School),53-061-0020,AQS,6,18,0,.,60,23
12/31/2019,35,PM2.5,DARRINGTON - FIR ST (Darrington High School),53-061-0020,AirNow,5,28,.,.,35,32
1/1/2020,34,Ozone,SEATTLE - BEACON HILL,53-033-0080,AirNow,34,26,,,,
1/2/2020,31,Ozone,SEATTLE - BEACON HILL,53-033-0080,AirNow,31,30,,,,
1/3/2020,37,Ozone,SEATTLE - BEACON HILL,53-033-0080,AirNow,37,36,,,,
1/4/2020,36,Ozone,SEATTLE - BEACON HILL,53-033-0080,AirNow,36,30,,,,
1/5/2020,31,Ozone,SEATTLE - BEACON HILL,53-033-0080,AirNow,31,24,,,,
1/6/2020,37,PM2.5,DARRINGTON - FIR ST (Darrington High School),53-061-0020,AirNow,30,37,,,,
1/7/2020,31,Ozone,SEATTLE - BEACON HILL,53-033-0080,AirNow,31,25,,,,
1/8/2020,31,Ozone,SEATTLE - BEACON HILL,53-033-0080,AirNow,31,24,,,,
1/9/2020,56,PM2.5,TACOMA - L STREET,53-053-0029,AirNow,14,56,,,,
1/10/2020,43,PM2.5,DARRINGTON - FIR ST (Darrington High School),53-061-0020,AirNow,31,43,,,,
1/11/2020,33,Ozone,SEATTLE - BEACON HILL,53-033-0080,AirNow,33,32,,,,
1/12/2020,33,Ozone,SEATTLE - BEACON HILL,53-033-0080,AirNow,33,29,,,,
1/13/2020,35,PM2.5,MARYSVILLE - 7TH AVE (Marysville Junior High),53-061-1007,AirNow,25,35,,,,
1/14/2020,32,PM2.5,SEATTLE - DUWAMISH,53-033-0057,AirNow,31,32,,,,
1/15/2020,33,Ozone,SEATTLE - BEACON HILL,53-033-0080,AirNow,33,21,,,,
1/16/2020,38,PM2.5,MARYSVILLE - 7TH AVE (Marysville Junior High),53-061-1007,AirNow,27,38,,,,
1/17/2020,61,PM2.5,DARRINGTON - FIR ST (Darrington High School),53-061-0020,AirNow,31,61,,,,
1/18/2020,45,PM2.5,DARRINGTON - FIR ST (Darrington High School),53-061-0020,AirNow,31,45,,,,
1/19/2020,68,PM2.5,DARRINGTON - FIR ST (Darrington High School),53-061-0020,AirNow,29,68,,,,
1/20/2020,55,PM2.5,DARRINGTON - FIR ST (Darrington High School),53-061-0020,AirNow,19,55,,,,
1/21/2020,38,PM2.5,SEATTLE - DUWAMISH,53-033-0057,AirNow,31,38,,,,
1/22/2020,35,PM2.5,SEATTLE - DUWAMISH,53-033-0057,AirNow,27,35,,,,
1/23/2020,33,PM2.5,DARRINGTON - FIR ST (Darrington High School),53-061-0020,AirNow,20,33,,,,
1/24/2020,29,Ozone,SEATTLE - BEACON HILL,53-033-0080,AirNow,29,25,,,,
1/25/2020,38,PM2.5,DARRINGTON - FIR ST (Darrington High School),53-061-0020,AirNow,19,38,,,,
1/26/2020,33,Ozone,SEATTLE - BEACON HILL,53-033-0080,AirNow,33,25,,,,
1/27/2020,29,Ozone,SEATTLE - BEACON HILL,53-033-0080,AirNow,29,23,,,,
1/28/2020,39,PM2.5,DARRINGTON - FIR ST (Darrington High School),53-061-0020,AirNow,28,39,,,,
1/29/2020,40,PM2.5,DARRINGTON - FIR ST (Darrington High School),53-061-0020,AirNow,17,40,,,,
1/30/2020,47,PM2.5,SEATTLE - DUWAMISH,53-033-0057,AirNow,23,47,,,,
1/31/2020,31,Ozone,SEATTLE - BEACON HILL,53-033-0080,AirNow,31,28,,,,
2/1/2020,34,Ozone,SEATTLE - BEACON HILL,53-033-0080,AirNow,34,25,,,,
2/2/2020,46,PM2.5,TACOMA - L STREET,53-053-0029,AirNow,31,46,,,,
2/3/2020,52,PM2.5,MARYSVILLE - 7TH AVE (Marysville Junior High),53-061-1007,AirNow,29,52,,,,
2/4/2020,56,PM2.5,DARRINGTON - FIR ST (Darrington High School),53-061-0020,AirNow,18,56,,,,
2/5/2020,80,PM2.5,DARRINGTON - FIR ST (Darrington High School),53-061-0020,AirNow,28,80,,,,
2/6/2020,46,PM2.5,DARRINGTON - FIR ST (Darrington High School),53-061-0020,AirNow,19,46,,,,
2/7/2020,36,Ozone,SEATTLE - BEACON HILL,53-033-0080,AirNow,36,34,,,,
2/8/2020,42,PM2.5,TACOMA - L STREET,53-053-0029,AirNow,31,42,,,,
2/9/2020,54,PM2.5,MARYSVILLE - 7TH AVE (Marysville Junior High),53-061-1007,AirNow,20,54,,,,
2/10/2020,66,PM2.5,TACOMA - L STREET,53-053-0029,AirNow,14,66,,,,
2/11/2020,56,PM2.5,MARYSVILLE - 7TH AVE (Marysville Junior High),53-061-1007,AirNow,17,56,,,,
2/12/2020,50,PM2.5,MARYSVILLE - 7TH AVE (Marysville Junior High),53-061-1007,AirNow,12,50,,,,
2/13/2020,39,PM2.5,SEATTLE - DUWAMISH,53-033-0057,AirNow,31,39,,,,
2/14/2020,33,Ozone,SEATTLE - BEACON HILL,53-033-0080,AirNow,33,30,,,,
2/15/2020,31,Ozone,SEATTLE - BEACON HILL,53-033-0080,AirNow,31,24,,,,
2/16/2020,31,Ozone,SEATTLE - BEACON HILL,53-033-0080,AirNow,31,27,,,,
2/17/2020,38,PM2.5,TACOMA - L STREET,53-053-0029,AirNow,28,38,,,,
2/18/2020,52,PM2.5,MARYSVILLE - 7TH AVE (Marysville Junior High),53-061-1007,AirNow,24,52,,,,
2/19/2020,51,PM2.5,TACOMA - L STREET,53-053-0029,AirNow,31,51,,,,
2/20/2020,60,PM2.5,MARYSVILLE - 7TH AVE (Marysville Junior High),53-061-1007,AirNow,20,60,,,,
2/21/2020,67,PM2.5,MARYSVILLE - 7TH AVE (Marysville Junior High),53-061-1007,AirNow,27,67,,,,
2/22/2020,49,PM2.5,MARYSVILLE - 7TH AVE (Marysville Junior High),53-061-1007,AirNow,25,49,,,,
2/23/2020,37,Ozone,SEATTLE - BEACON HILL,53-033-0080,AirNow,37,32,,,,
2/24/2020,39,PM2.5,TACOMA - L STREET,53-053-0029,AirNow,34,39,,,,
2/25/2020,47,PM2.5,SEATTLE - DUWAMISH,53-033-0057,AirNow,16,47,,,,
2/26/2020,43,PM2.5,TACOMA - L STREET,53-053-0029,AirNow,25,43,,,,
2/27/2020,43,PM2.5,TACOMA - L STREET,53-053-0029,AirNow,21,43,,,,
2/28/2020,48,PM2.5,SEATTLE - DUWAMISH,53-033-0057,AirNow,36,48,,,,
2/29/2020,35,Ozone,SEATTLE - BEACON HILL,53-033-0080,AirNow,35,28,,,,
3/1/2020,40,PM2.5,SEATTLE - DUWAMISH,53-033-0057,AirNow,31,40,,,,
3/2/2020,33,PM2.5,SEATTLE - SOUTH PARK #2,53-033-1011,AirNow,29,33,,,,
3/3/2020,29,Ozone,SEATTLE - BEACON HILL,53-033-0080,AirNow,29,22,,,,
3/4/2020,50,PM2.5,MARYSVILLE - 7TH AVE (Marysville Junior High),53-061-1007,AirNow,32,50,,,,
3/5/2020,45,PM2.5,TACOMA - L STREET,53-053-0029,AirNow,32,45,,,,
3/6/2020,30,Ozone,SEATTLE - BEACON HILL,53-033-0080,AirNow,30,28,,,,
3/7/2020,38,PM2.5,SEATTLE - SOUTH PARK #2,53-033-1011,AirNow,31,38,,,,
3/8/2020,38,PM2.5,MARYSVILLE - 7TH AVE (Marysville Junior High),53-061-1007,AirNow,31,38,,,,
3/9/2020,52,PM2.5,MARYSVILLE - 7TH AVE (Marysville Junior High),53-061-1007,AirNow,21,52,,,,
3/10/2020,39,PM2.5,MARYSVILLE - 7TH AVE (Marysville Junior High),53-061-1007,AirNow,33,39,,,,
3/11/2020,30,PM2.5,MARYSVILLE - 7TH AVE (Marysville Junior High),53-061-1007,AirNow,.,30,,,,
3/12/2020,43,PM2.5,DARRINGTON - FIR ST (Darrington High School),53-061-0020,AirNow,30,43,,,,
3/13/2020,38,PM2.5,SEATTLE - SOUTH PARK #2,53-033-1011,AirNow,34,38,,,,
3/14/2020,55,PM2.5,MARYSVILLE - 7TH AVE (Marysville Junior High),53-061-1007,AirNow,32,55,,,,
3/15/2020,55,PM2.5,MARYSVILLE - 7TH AVE (Marysville Junior High),53-061-1007,AirNow,35,55,,,,
3/16/2020,64,PM2.5,MARYSVILLE - 7TH AVE (Marysville Junior High),53-061-1007,AirNow,31,64,,,,
3/17/2020,65,PM2.5,MARYSVILLE - 7TH AVE (Marysville Junior High),53-061-1007,AirNow,20,65,,,,
3/18/2020,71,PM2.5,MARYSVILLE - 7TH AVE (Marysville Junior High),53-061-1007,AirNow,29,71,,,,
3/19/2020,72,PM2.5,MARYSVILLE - 7TH AVE (Marysville Junior High),53-061-1007,AirNow,27,72,,,,
3/20/2020,73,PM2.5,TACOMA - L STREET,53-053-0029,AirNow,38,73,,,,
3/21/2020,78,PM2.5,MARYSVILLE - 7TH AVE (Marysville Junior High),53-061-1007,AirNow,22,78,,,,
3/22/2020,74,PM2.5,MARYSVILLE - 7TH AVE (Marysville Junior High),53-061-1007,AirNow,36,74,,,,
3/23/2020,35,Ozone,SEATTLE - BEACON HILL,53-033-0080,AirNow,35,25,,,,
3/24/2020,31,Ozone,SEATTLE - BEACON HILL,53-033-0080,AirNow,31,24,,,,
3/25/2020,39,PM2.5,MARYSVILLE - 7TH AVE (Marysville Junior High),53-061-1007,AirNow,28,39,,,,
3/26/2020,44,PM2.5,MARYSVILLE - 7TH AVE (Marysville Junior High),53-061-1007,AirNow,41,44,,,,
3/27/2020,40,PM2.5,SEATTLE - DUWAMISH,53-033-0057,AirNow,34,40,,,,
3/28/2020,33,Ozone,SEATTLE - BEACON HILL,53-033-0080,AirNow,33,27,,,,
3/29/2020,35,Ozone,SEATTLE - BEACON HILL,53-033-0080,AirNow,35,18,,,,
3/30/2020,34,Ozone,SEATTLE - BEACON HILL,53-033-0080,AirNow,34,25,,,,
3/31/2020,35,Ozone,SEATTLE - BEACON HILL,53-033-0080,AirNow,35,24,,,,
4/1/2020,36,PM2.5,MARYSVILLE - 7TH AVE (Marysville Junior High),53-061-1007,AirNow,33,36,,,,
4/2/2020,43,PM2.5,SEATTLE - SOUTH PARK #2,53-033-1011,AirNow,32,43,,,,
4/3/2020,32,Ozone,SEATTLE - BEACON HILL,53-033-0080,AirNow,32,26,,,,
4/4/2020,35,PM2.5,MARYSVILLE - 7TH AVE (Marysville Junior High),53-061-1007,AirNow,33,35,,,,
4/5/2020,40,PM2.5,SEATTLE - SOUTH PARK #2,53-033-1011,AirNow,31,40,,,,
4/6/2020,43,PM2.5,MARYSVILLE - 7TH AVE (Marysville Junior High),53-061-1007,AirNow,34,43,,,,
4/7/2020,55,PM2.5,MARYSVILLE - 7TH AVE (Marysville Junior High),53-061-1007,AirNow,32,55,,,,
4/8/2020,57,PM2.5,TACOMA - L STREET,53-053-0029,AirNow,35,57,,,,
4/9/2020,52,PM2.5,TACOMA - L STREET,53-053-0029,AirNow,39,52,,,,
4/10/2020,55,PM2.5,MARYSVILLE - 7TH AVE (Marysville Junior High),53-061-1007,AirNow,33,55,,,,
4/11/2020,47,PM2.5,MARYSVILLE - 7TH AVE (Marysville Junior High),53-061-1007,AirNow,42,47,,,,
4/12/2020,49,PM2.5,MARYSVILLE - 7TH AVE (Marysville Junior High),53-061-1007,AirNow,44,49,,,,
4/13/2020,45,PM2.5,MARYSVILLE - 7TH AVE (Marysville Junior High),53-061-1007,AirNow,42,45,,,,
4/14/2020,50,PM2.5,MARYSVILLE - 7TH AVE (Marysville Junior High),53-061-1007,AirNow,39,50,,,,
4/15/2020,40,Ozone,SEATTLE - BEACON HILL,53-033-0080,AirNow,40,29,,,,
4/16/2020,42,PM2.5,MARYSVILLE - 7TH AVE (Marysville Junior High),53-061-1007,AirNow,38,42,,,,
4/17/2020,49,PM2.5,MARYSVILLE - 7TH AVE (Marysville Junior High),53-061-1007,AirNow,35,49,,,,
4/18/2020,41,PM2.5,MARYSVILLE - 7TH AVE (Marysville Junior High),53-061-1007,AirNow,27,41,,,,
4/19/2020,35,PM2.5,MARYSVILLE - 7TH AVE (Marysville Junior High),53-061-1007,AirNow,32,35,,,,
4/20/2020,37,PM2.5,MARYSVILLE - 7TH AVE (Marysville Junior High),53-061-1007,AirNow,32,37,,,,
4/21/2020,32,Ozone,SEATTLE - BEACON HILL,53-033-0080,AirNow,32,27,,,,
4/22/2020,24,PM2.5,SEATTLE - DUWAMISH,53-033-0057,AirNow,24,24,,,,
4/23/2020,27,Ozone,SEATTLE - BEACON HILL,53-033-0080,AirNow,27,23,,,,