,date,overall_aqi_value,main_pollutant,site_name,site_id,source_aqi,co,ozone,so2,pm10,pm25,no2,lat,lon,city_name,state_ordinance,population
0,2019-01-01,142,PM2.5,TACOMA - L STREET,53-053-0029,AQS,10,9,1,.,142.0,27.0,47.6062,-122.3321,Seattle,2020-03-23,744955
1,2019-01-02,55,PM2.5,TACOMA - L STREET,53-053-0029,AQS,10,16,1,.,55.0,28.0,47.6062,-122.3321,Seattle,2020-03-23,744955
2,2019-01-03,52,PM2.5,SEATTLE - DUWAMISH,53-033-0057,AQS,9,31,1,4,52.0,48.0,47.6062,-122.3321,Seattle,2020-03-23,744955
3,2019-01-04,43,PM2.5,SEATTLE - DUWAMISH,53-033-0057,AQS,6,31,1,.,43.0,30.0,47.6062,-122.3321,Seattle,2020-03-23,744955
4,2019-01-05,52,PM2.5,TACOMA - L STREET,53-053-0029,AQS,9,26,4,.,52.0,40.0,47.6062,-122.3321,Seattle,2020-03-23,744955
5,2019-01-06,32,Ozone,SEATTLE - BEACON HILL,53-033-0080,AQS,7,32,1,4,25.0,30.0,47.6062,-122.3321,Seattle,2020-03-23,744955
6,2019-01-07,42,PM2.5,PUYALLUP - 128TH ST,53-053-1018,AQS,8,24,0,.,42.0,36.0,47.6062,-122.3321,Seattle,2020-03-23,744955
7,2019-01-08,49,NO2,Seattle-10th & Weller,53-033-0030,AQS,9,18,1,.,36.0,49.0,47.6062,-122.3321,Seattle,2020-03-23,744955
8,2019-01-09,53,PM2.5,TACOMA - ALEXANDER AVE,53-053-0031,AQS,9,21,1,4,53.0,31.0,47.6062,-122.3321,Seattle,2020-03-23,744955
9,2019-01-10,80,NO2,Tacoma-S 36th St,53-053-0024,AQS,3,19,0,.,31.0,80.0,47.6062,-122.3321,Seattle,2020-03-23,744955
10,2019-01-11,60,PM2.5,MARYSVILLE - 7TH AVE (Marysville Junior High),53-061-1007,AQS,6,16,4,.,60.0,42.0,47.6062,-122.3321,Seattle,2020-03-23,744955
11,2019-01-12,77,PM2.5,TACOMA - L STREET,53-053-0029,AQS,8,42,6,17,77.0,39.0,47.6062,-122.3321,Seattle,2020-03-23,744955
12,2019-01-13,120,PM2.5,TACOMA - L STREET,53-053-0029,AQS,6,47,3,.,120.0,38.0,47.6062,-122.3321,Seattle,2020-03-23,744955
13,2019-01-14,92,PM2.5,TACOMA - L STREET,53-053-0029,AQS,5,45,3,.,92.0,35.0,47.6062,-122.3321,Seattle,2020-03-23,744955
14,2019-01-15,86,PM2.5,Seattle-10th & Weller,53-033-0030,AQS,9,41,7,24,86.0,82.0,47.6062,-122.3321,Seattle,2020-03-23,744955
15,2019-01-16,87,PM2.5,SEATTLE - DUWAMISH,53-033-0057,AQS,8,35,7,.,87.0,58.0,47.6062,-122.3321,Seattle,2020-03-23,744955
16,2019-01-17,42,NO2,Seattle-10th & Weller,53-033-0030,AQS,3,37,3,.,39.0,42.0,47.6062,-122.3321,Seattle,2020-03-23,744955
17,2019-01-18,40,Ozone,MT RAINIER - JACKSON VISITIORS CENTER,53-053-0012,AQS,2,40,0,6,37.0,40.0,47.6062,-122.3321,Seattle,2020-03-23,744955
18,2019-01-19,38,PM2.5,TACOMA - L STREET,53-053-0029,AQS,3,38,0,.,38.0,25.0,47.6062,-122.3321,Seattle,2020-03-23,744955
19,2019-01-20,48,PM2.5,TACOMA - L STREET,53-053-0029,AQS,2,39,0,.,48.0,29.0,47.6062,-122.3321,Seattle,2020-03-23,744955
20,2019-01-21,63,PM2.5,TACOMA - L STREET,53-053-0029,AQS,5,36,1,14,63.0,31.0,47.6062,-122.3321,Seattle,2020-03-23,744955
21,2019-01-22,39,Ozone,MT RAINIER - JACKSON VISITIORS CENTER,53-053-0012,AQS,3,39,0,.,34.0,32.0,47.6062,-122.3321,Seattle,2020-03-23,744955
22,2019-01-23,38,NO2,Seattle-10th & Weller,53-033-0030,AQS,3,36,3,.,25.0,38.0,47.6062,-122.3321,Seattle,2020-03-23,744955
23,2019-01-24,48,PM2.5,LAKE FOREST PARK TOWNE CENTER,53-033-0024,AQS,5,42,3,11,48.0,36.0,47.6062,-122.3321,Seattle,2020-03-23,744955
24,2019-01-25,73,PM2.5,MARYSVILLE - 7TH AVE (Marysville Junior High),53-061-1007,AQS,3,41,.,.,73.0,25.0,47.6062,-122.3321,Seattle,2020-03-23,744955
25,2019-01-26,81,PM2.5,TACOMA - L STREET,53-053-0029,AQS,3,39,1,.,81.0,22.0,47.6062,-122.3321,Seattle,2020-03-23,744955
26,2019-01-27,63,PM2.5,TACOMA - L STREET,53-053-0029,AQS,3,40,0,12,63.0,17.0,47.6062,-122.3321,Seattle,2020-03-23,744955
27,2019-01-28,47,PM2.5,MARYSVILLE - 7TH AVE (Marysville Junior High),53-061-1007,AQS,3,42,1,.,47.0,23.0,47.6062,-122.3321,Seattle,2020-03-23,744955
28,2019-01-29,78,PM2.5,DARRINGTON - FIR ST (Darrington High School),53-061-0020,AQS,5,42,1,.,78.0,34.0,47.6062,-122.3321,Seattle,2020-03-23,744955
29,2019-01-30,85,PM2.5,Tacoma-S 36th St,53-053-0024,AQS,8,43,7,20,85.0,47.0,47.6062,-122.3321,Seattle,2020-03-23,744955
30,2019-01-31,65,PM2.5,SEATTLE - DUWAMISH,53-033-0057,AQS,8,42,3,.,65.0,42.0,47.6062,-122.3321,Seattle,2020-03-23,744955
31,2019-02-01,48,PM2.5,SEATTLE - DUWAMISH,53-033-0057,AQS,5,40,1,.,48.0,33.0,47.6062,-122.3321,Seattle,2020-03-23,744955
32,2019-02-02,38,Ozone,MT RAINIER - JACKSON VISITIORS CENTER,53-053-0012,AQS,2,38,1,6,32.0,28.0,47.6062,-122.3321,Seattle,2020-03-23,744955
33,2019-02-03,41,Ozone,MT RAINIER - JACKSON VISITIORS CENTER,53-053-0012,AQS,.,41,0,.,24.0,20.0,47.6062,-122.3321,Seattle,2020-03-23,744955
34,2019-02-04,63,PM2.5,MARYSVILLE - 7TH AVE (Marysville Junior High),53-061-1007,AQS,3,36,0,.,63.0,25.0,47.6062,-122.3321,Seattle,2020-03-23,744955
35,2019-02-05,93,PM2.5,MARYSVILLE - 7TH AVE (Marysville Junior High),53-061-1007,AQS,8,36,3,13,93.0,37.0,47.6062,-122.3321,Seattle,2020-03-23,744955
36,2019-02-06,81,PM2.5,TACOMA - L STREET,53-053-0029,AQS,9,43,1,.,81.0,36.0,47.6062,-122.3321,Seattle,2020-03-23,744955
37,2019-02-07,91,PM2.5,MARYSVILLE - 7TH AVE (Marysville Junior High),53-061-1007,AQS,8,44,1,.,91.0,36.0,47.6062,-122.3321,Seattle,2020-03-23,744955
38,2019-02-08,63,PM2.5,TACOMA - L STREET,53-053-0029,AQS,7,37,1,13,63.0,35.0,47.6062,-122.3321,Seattle,2020-03-23,744955
39,2019-02-09,48,PM2.5,DARRINGTON - FIR ST (Darrington High School),53-061-0020,AQS,3,37,0,.,48.0,25.0,47.6062,-122.3321,Seattle,2020-03-23,744955
40,2019-02-10,70,PM2.5,DARRINGTON - FIR ST (Darrington High School),53-061-0020,AQS,5,44,1,.,70.0,33.0,47.6062,-122.3321,Seattle,2020-03-23,744955
41,2019-02-11,35,PM2.5,SEATTLE - SOUTH PARK #2,53-033-1011,AQS,3,31,0,5,35.0,35.0,47.6062,-122.3321,Seattle,2020-03-23,744955
42,2019-02-12,48,PM2.5,DARRINGTON - FIR ST (Darrington High School),53-061-0020,AQS,3,31,0,.,48.0,32.0,47.6062,-122.3321,Seattle,2020-03-23,744955
43,2019-02-13,42,PM2.5,MARYSVILLE - 7TH AVE (Marysville Junior High),53-061-1007,AQS,5,25,1,.,42.0,33.0,47.6062,-122.3321,Seattle,2020-03-23,744955
44,2019-02-14,54,PM2.5,DARRINGTON - FIR ST (Darrington High School),53-061-0020,AQS,10,44,3,7,54.0,54.0,47.6062,-122.3321,Seattle,2020-03-23,744955
45,2019-02-15,59,PM2.5,DARRINGTON - FIR ST (Darrington High School),53-061-0020,AQS,9,42,1,.,59.0,35.0,47.6062,-122.3321,Seattle,2020-03-23,744955
46,2019-02-16,59,PM2.5,DARRINGTON - FIR ST (Darrington High School),53-061-0020,AQS,9,38,1,.,59.0,32.0,47.6062,-122.3321,Seattle,2020-03-23,744955
47,2019-02-17,58,PM2.5,LAKE FOREST PARK TOWNE CENTER,53-033-0024,AQS,8,36,0,11,58.0,28.0,47.6062,-122.3321,Seattle,2020-03-23,744955
48,2019-02-18,85,PM2.5,DARRINGTON - FIR ST (Darrington High School),53-061-0020,AQS,9,36,1,.,85.0,22.0,47.6062,-122.3321,Seattle,2020-03-23,744955
49,2019-02-19,70,PM2.5,DARRINGTON - FIR ST (Darrington High School),53-061-0020,AQS,7,26,.,.,70.0,35.0,47.6062,-122.3321,Seattle,2020-03-23,744955
50,2019-02-20,41,PM2.5,DARRINGTON - FIR ST (Darrington High School),53-061-0020,AQS,6,20,0,6,41.0,24.0,47.6062,-122.3321,Seattle,2020-03-23,744955
51,2019-02-21,56,PM2.5,MARYSVILLE - 7TH AVE (Marysville Junior High),53-061-1007,AQS,9,39,0,.,56.0,35.0,47.6062,-122.3321,Seattle,2020-03-23,744955
52,2019-02-22,57,PM2.5,DARRINGTON - FIR ST (Darrington High School),53-061-0020,AQS,8,41,1,.,57.0,33.0,47.6062,-122.3321,Seattle,2020-03-23,744955
53,2019-02-23,42,Ozone,MT RAINIER - JACKSON VISITIORS CENTER,53-053-0012,AQS,6,42,0,6,34.0,30.0,47.6062,-122.3321,Seattle,2020-03-23,744955
54,2019-02-24,53,PM2.5,DARRINGTON - FIR ST (Darrington High School),53-061-0020,AQS,5,42,0,.,53.0,25.0,47.6062,-122.3321,Seattle,2020-03-23,744955
55,2019-02-25,41,Ozone,MT RAINIER - JACKSON VISITIORS CENTER,53-053-0012,AQS,5,41,.,.,38.0,24.0,47.6062,-122.3321,Seattle,2020-03-23,744955
56,2019-02-26,46,PM2.5,DARRINGTON - FIR ST (Darrington High School),53-061-0020,AQS,3,44,0,6,46.0,31.0,47.6062,-122.3321,Seattle,2020-03-23,744955
57,2019-02-27,43,Ozone,MT RAINIER - JACKSON VISITIORS CENTER,53-053-0012,AQS,7,43,1,.,31.0,31.0,47.6062,-122.3321,Seattle,2020-03-23,744955
58,2019-02-28,49,PM2.5,MARYSVILLE - 7TH AVE (Marysville Junior High),53-061-1007,AQS,8,43,1,.,49.0,44.0,47.6062,-122.3321,Seattle,2020-03-23,744955
59,2019-03-01,42,PM2.5,LAKE FOREST PARK TOWNE CENTER,53-033-0024,AQS,6,42,0,10,42.0,29.0,47.6062,-122.3321,Seattle,2020-03-23,744955
60,2019-03-02,44,Ozone,MT RAINIER - JACKSON VISITIORS CENTER,53-053-0012,AQS,5,44,1,.,42.0,30.0,47.6062,-122.3321,Seattle,2020-03-23,744955
61,2019-03-03,45,PM2.5,MARYSVILLE - 7TH AVE (Marysville Junior High),53-061-1007,AQS,3,45,0,.,45.0,17.0,47.6062,-122.3321,Seattle,2020-03-23,744955
62,2019-03-04,57,PM2.5,SEATTLE - DUWAMISH,53-033-0057,AQS,5,44,0,4,57.0,39.0,47.6062,-122.3321,Seattle,2020-03-23,744955
63,2019-03-05,64,PM2.5,DARRINGTON - FIR ST (Darrington High School),53-061-0020,AQS,6,43,0,.,64.0,41.0,47.6062,-122.3321,Seattle,2020-03-23,744955
64,2019-03-06,69,PM2.5,DARRINGTON - FIR ST (Darrington High School),53-061-0020,AQS,5,43,1,.,69.0,32.0,47.6062,-122.3321,Seattle,2020-03-23,744955
65,2019-03-07,44,PM2.5,DARRINGTON - FIR ST (Darrington High School),53-061-0020,AQS,5,44,1,.,44.0,38.0,47.6062,-122.3321,Seattle,2020-03-23,744955
66,2019-03-08,48,PM2.5,TACOMA - L STREET,53-053-0029,AQS,3,44,1,.,48.0,39.0,47.6062,-122.3321,Seattle,2020-03-23,744955
67,2019-03-09,60,PM2.5,TACOMA - L STREET,53-053-0029,AQS,3,47,1,.,60.0,28.0,47.6062,-122.3321,Seattle,2020-03-23,744955
68,2019-03-10,62,PM2.5,TACOMA - L STREET,53-053-0029,AQS,.,47,7,10,62.0,38.0,47.6062,-122.3321,Seattle,2020-03-23,744955
69,2019-03-11,53,PM2.5,TACOMA - L STREET,53-053-0029,AQS,3,46,1,.,53.0,40.0,47.6062,-122.3321,Seattle,2020-03-23,744955
70,2019-03-12,52,PM2.5,DARRINGTON - FIR ST (Darrington High School),53-061-0020,AQS,3,42,0,.,52.0,27.0,47.6062,-122.3321,Seattle,2020-03-23,744955
71,2019-03-13,41,NO2,Seattle-10th & Weller,53-033-0030,AQS,3,40,1,10,39.0,41.0,47.6062,-122.3321,Seattle,2020-03-23,744955
72,2019-03-14,51,Ozone,MT RAINIER - JACKSON VISITIORS CENTER,53-053-0012,AQS,3,51,1,.,38.0,29.0,47.6062,-122.3321,Seattle,2020-03-23,744955
73,2019-03-15,47,Ozone,MT RAINIER - JACKSON VISITIORS CENTER,53-053-0012,AQS,3,47,.,.,45.0,35.0,47.6062,-122.3321,Seattle,2020-03-23,744955
74,2019-03-16,55,PM2.5,TACOMA - L STREET,53-053-0029,AQS,3,46,.,14,55.0,34.0,47.6062,-122.3321,Seattle,2020-03-23,744955
75,2019-03-17,61,PM2.5,TACOMA - L STREET,53-053-0029,AQS,3,47,1,.,61.0,26.0,47.6062,-122.3321,Seattle,2020-03-23,744955
76,2019-03-18,54,PM2.5,MARYSVILLE - 7TH AVE (Marysville Junior High),53-061-1007,AQS,3,49,1,.,54.0,34.0,47.6062,-122.3321,Seattle,2020-03-23,744955
77,2019-03-19,92,PM2.5,DARRINGTON - FIR ST (Darrington High School),53-061-0020,AQS,3,50,3,7,92.0,58.0,47.6062,-122.3321,Seattle,2020-03-23,744955
78,2019-03-20,58,Ozone,MT RAINIER - JACKSON VISITIORS CENTER,53-053-0012,AQS,5,58,3,.,36.0,55.0,47.6062,-122.3321,Seattle,2020-03-23,744955
79,2019-03-21,46,Ozone,MT RAINIER - JACKSON VISITIORS CENTER,53-053-0012,AQS,2,46,1,.,40.0,42.0,47.6062,-122.3321,Seattle,2020-03-23,744955
80,2019-03-22,48,Ozone,MT RAINIER - JACKSON VISITIORS CENTER,53-053-0012,AQS,5,48,3,15,38.0,38.0,47.6062,-122.3321,Seattle,2020-03-23,744955
81,2019-03-23,44,Ozone,MT RAINIER - JACKSON VISITIORS CENTER,53-053-0012,AQS,2,44,3,.,36.0,40.0,47.6062,-122.3321,Seattle,2020-03-23,744955
82,2019-03-24,57,PM2.5,DARRINGTON - FIR ST (Darrington High School),53-061-0020,AQS,.,31,6,.,57.0,36.0,47.6062,-122.3321,Seattle,2020-03-23,744955
83,2019-03-25,50,Ozone,MT RAINIER - JACKSON VISITIORS CENTER,53-053-0012,AQS,8,50,4,12,35.0,32.0,47.6062,-122.3321,Seattle,2020-03-23,744955
84,2019-03-26,47,Ozone,MT RAINIER - JACKSON VISITIORS CENTER,53-053-0012,AQS,6,47,0,.,31.0,41.0,47.6062,-122.3321,Seattle,2020-03-23,744955
85,2019-03-27,47,Ozone,MT RAINIER - JACKSON VISITIORS CENTER,53-053-0012,AQS,5,47,1,.,26.0,30.0,47.6062,-122.3321,Seattle,2020-03-23,744955
86,2019-03-28,46,Ozone,MT RAINIER - JACKSON VISITIORS CENTER,53-053-0012,AQS,3,46,.,.,30.0,42.0,47.6062,-122.3321,Seattle,2020-03-23,744955
87,2019-03-29,45,NO2,Seattle-10th & Weller,53-033-0030,AQS,3,44,6,.,44.0,45.0,47.6062,-122.3321,Seattle,2020-03-23,744955
88,2019-03-30,50,PM2.5,MARYSVILLE - 7TH AVE (Marysville Junior High),53-061-1007,AQS,.,43,3,.,50.0,35.0,47.6062,-122.3321,Seattle,2020-03-23,744955
89,2019-03-31,52,PM2.5,TACOMA - L STREET,53-053-0029,AQS,.,44,1,.,52.0,36.0,47.6062,-122.3321,Seattle,2020-03-23,744955
90,2019-04-01,47,Ozone,MT RAINIER - JACKSON VISITIORS CENTER,53-053-0012,AQS,3,47,1,.,44.0,37.0,47.6062,-122.3321,Seattle,2020-03-23,744955
91,2019-04-02,46,Ozone,MT RAINIER - JACKSON VISITIORS CENTER,53-053-0012,AQS,3,46,3,.,39.0,39.0,47.6062,-122.3321,Seattle,2020-03-23,744955
92,2019-04-03,44,Ozone,MT RAINIER - JACKSON VISITIORS CENTER,53-053-0012,AQS,3,44,1,.,31.0,25.0,47.6062,-122.3321,Seattle,2020-03-23,744955
93,2019-04-04,46,Ozone,MT RAINIER - JACKSON VISITIORS CENTER,53-053-0012,AQS,2,46,3,.,37.0,38.0,47.6062,-122.3321,Seattle,2020-03-23,744955
94,2019-04-05,47,Ozone,MT RAINIER - JACKSON VISITIORS CENTER,53-053-0012,AQS,2,47,0,.,31.0,18.0,47.6062,-122.3321,Seattle,2020-03-23,744955
95,2019-04-06,48,Ozone,MT RAINIER - JACKSON VISITIORS CENTER,53-053-0012,AQS,2,48,1,.,27.0,21.0,47.6062,-122.3321,Seattle,2020-03-23,744955
96,2019-04-07,45,Ozone,MT RAINIER - JACKSON VISITIORS CENTER,53-053-0012,AQS,6,45,1,.,23.0,31.0,47.6062,-122.3321,Seattle,2020-03-23,744955
97,2019-04-08,44,Ozone,MT RAINIER - JACKSON VISITIORS CENTER,53-053-0012,AQS,7,44,1,.,31.0,29.0,47.6062,-122.3321,Seattle,2020-03-23,744955
98,2019-04-09,41,Ozone,MT RAINIER - JACKSON VISITIORS CENTER,53-053-0012,AQS,5,41,0,.,23.0,25.0,47.6062,-122.3321,Seattle,2020-03-23,744955
99,2019-04-10,43,Ozone,MT RAINIER - JACKSON VISITIORS CENTER,53-053-0012,AQS,6,43,0,.,23.0,25.0,47.6062,-122.3321,Seattle,2020-03-23,744955
100,2019-04-11,43,Ozone,MT RAINIER - JACKSON VISITIORS CENTER,53-053-0012,AQS,6,43,0,.,18.0,31.0,47.6062,-122.3321,Seattle,2020-03-23,744955
101,2019-04-12,41,Ozone,MT RAINIER - JACKSON VISITIORS CENTER,53-053-0012,AQS,6,41,.,5,28.0,34.0,47.6062,-122.3321,Seattle,2020-03-23,744955
102,2019-04-13,47,Ozone,MT RAINIER - JACKSON VISITIORS CENTER,53-053-0012,AQS,5,47,.,.,25.0,16.0,47.6062,-122.3321,Seattle,2020-03-23,744955
103,2019-04-14,46,Ozone,MT RAINIER - JACKSON VISITIORS CENTER,53-053-0012,AQS,5,46,.,.,22.0,14.0,47.6062,-122.3321,Seattle,2020-03-23,744955
104,2019-04-15,47,Ozone,MT RAINIER - JACKSON VISITIORS CENTER,53-053-0012,AQS,6,47,.,5,21.0,39.0,47.6062,-122.3321,Seattle,2020-03-23,744955
105,2019-04-16,45,Ozone,MT RAINIER - JACKSON VISITIORS CENTER,53-053-0012,AQS,6,45,1,.,25.0,29.0,47.6062,-122.3321,Seattle,2020-03-23,744955
106,2019-04-17,43,Ozone,MT RAINIER - JACKSON VISITIORS CENTER,53-053-0012,AQS,6,43,1,.,20.0,27.0,47.6062,-122.3321,Seattle,2020-03-23,744955
107,2019-04-18,31,Ozone,ISSAQUAH -  LAKE SAMMAMISH (Wiithin Lake Sammamish State Park),53-033-0010,AirNow,6,31,1,5,20.0,28.0,47.6062,-122.3321,Seattle,2020-03-23,744955
108,2019-04-19,42,Ozone,MT RAINIER - JACKSON VISITIORS CENTER,53-053-0012,AQS,5,42,1,.,23.0,39.0,47.6062,-122.3321,Seattle,2020-03-23,744955
109,2019-04-20,38,PM2.5,MARYSVILLE - 7TH AVE (Marysville Junior High),53-061-1007,AQS,7,37,1,.,38.0,38.0,47.6062,-122.3321,Seattle,2020-03-23,744955
110,2019-04-21,44,Ozone,MT RAINIER - JACKSON VISITIORS CENTER,53-053-0012,AQS,7,44,1,12,42.0,41.0,47.6062,-122.3321,Seattle,2020-03-23,744955
111,2019-04-22,40,PM2.5,SEATTLE - DUWAMISH,53-033-0057,AQS,6,33,1,.,40.0,28.0,47.6062,-122.3321,Seattle,2020-03-23,744955
112,2019-04-23,37,Ozone,SEATTLE - BEACON HILL,53-033-0080,AQS,6,37,0,.,26.0,30.0,47.6062,-122.3321,Seattle,2020-03-23,744955
113,2019-04-24,43,Ozone,ISSAQUAH -  LAKE SAMMAMISH (Wiithin Lake Sammamish State Park),53-033-0010,AirNow,6,43,0,12,31.0,40.0,47.6062,-122.3321,Seattle,2020-03-23,744955
114,2019-04-25,34,NO2,Tacoma-S 36th St,53-053-0024,AQS,6,33,1,.,33.0,34.0,47.6062,-122.3321,Seattle,2020-03-23,744955
115,2019-04-26,45,Ozone,ENUMCLAW - MUD MTN (Army Corp of Engineers site),53-033-0023,AirNow,6,45,1,.,34.0,32.0,47.6062,-122.3321,Seattle,2020-03-23,744955
116,2019-04-27,42,Ozone,ENUMCLAW - MUD MTN (Army Corp of Engineers site),53-033-0023,AirNow,5,42,1,8,22.0,16.0,47.6062,-122.3321,Seattle,2020-03-23,744955
117,2019-04-28,38,Ozone,ENUMCLAW - MUD MTN (Army Corp of Engineers site),53-033-0023,AirNow,5,38,1,.,31.0,17.0,47.6062,-122.3321,Seattle,2020-03-23,744955
118,2019-04-29,41,Ozone,SEATTLE - BEACON HILL,53-033-0080,AQS,5,41,1,.,23.0,29.0,47.6062,-122.3321,Seattle,2020-03-23,744955
119,2019-04-30,44,Ozone,ISSAQUAH -  LAKE SAMMAMISH (Wiithin Lake Sammamish State Park),53-033-0010,AirNow,6,44,1,6,32.0,35.0,47.6062,-122.3321,Seattle,2020-03-23,744955
120,2019-05-01,44,Ozone,NORTH BEND - NORTH BEND WAY,53-033-0017,AQS,6,44,1,.,38.0,30.0,47.6062,-122.3321,Seattle,2020-03-23,744955
121,2019-05-02,41,Ozone,SEATTLE - BEACON HILL,53-033-0080,AQS,5,41,1,.,36.0,29.0,47.6062,-122.3321,Seattle,2020-03-23,744955
122,2019-05-03,38,Ozone,MT RAINIER - JACKSON VISITIORS CENTER,53-053-0012,AQS,6,38,1,11,36.0,36.0,47.6062,-122.3321,Seattle,2020-03-23,744955
123,2019-05-04,42,Ozone,MT RAINIER - JACKSON VISITIORS CENTER,53-053-0012,AQS,7,42,1,.,34.0,34.0,47.6062,-122.3321,Seattle,2020-03-23,744955
124,2019-05-05,41,Ozone,MT RAINIER - JACKSON VISITIORS CENTER,53-053-0012,AQS,6,41,1,.,40.0,27.0,47.6062,-122.3321,Seattle,2020-03-23,744955
125,2019-05-06,44,Ozone,MT RAINIER - JACKSON VISITIORS CENTER,53-053-0012,AQS,6,44,3,13,33.0,35.0,47.6062,-122.3321,Seattle,2020-03-23,744955
126,2019-05-07,44,Ozone,MT RAINIER - JACKSON VISITIORS CENTER,53-053-0012,AQS,6,44,1,.,31.0,43.0,47.6062,-122.3321,Seattle,2020-03-23,744955
127,2019-05-08,45,PM2.5,Seattle-10th & Weller,53-033-0030,AQS,7,42,1,.,45.0,42.0,47.6062,-122.3321,Seattle,2020-03-23,744955
128,2019-05-09,51,Ozone,MT RAINIER - JACKSON VISITIORS CENTER,53-053-0012,AQS,6,51,1,12,37.0,43.0,47.6062,-122.3321,Seattle,2020-03-23,744955
129,2019-05-10,74,Ozone,MT RAINIER - JACKSON VISITIORS CENTER,53-053-0012,AQS,8,74,6,.,48.0,54.0,47.6062,-122.3321,Seattle,2020-03-23,744955
130,2019-05-11,90,Ozone,NORTH BEND - NORTH BEND WAY,53-033-0017,AQS,7,90,4,.,54.0,50.0,47.6062,-122.3321,Seattle,2020-03-23,744955
131,2019-05-12,54,Ozone,MT RAINIER - JACKSON VISITIORS CENTER,53-053-0012,AQS,6,54,1,9,28.0,38.0,47.6062,-122.3321,Seattle,2020-03-23,744955
132,2019-05-13,58,Ozone,MT RAINIER - JACKSON VISITIORS CENTER,53-053-0012,AQS,6,58,1,.,40.0,39.0,47.6062,-122.3321,Seattle,2020-03-23,744955
133,2019-05-14,46,Ozone,MT RAINIER - JACKSON VISITIORS CENTER,53-053-0012,AQS,6,46,1,.,29.0,32.0,47.6062,-122.3321,Seattle,2020-03-23,744955
134,2019-05-15,42,Ozone,MT RAINIER - JACKSON VISITIORS CENTER,53-053-0012,AQS,7,42,1,7,30.0,40.0,47.6062,-122.3321,Seattle,2020-03-23,744955
135,2019-05-16,45,PM2.5,SEATTLE - SOUTH PARK #2,53-033-1011,AQS,7,40,1,.,45.0,33.0,47.6062,-122.3321,Seattle,2020-03-23,744955
136,2019-05-17,40,Ozone,MT RAINIER - JACKSON VISITIORS CENTER,53-053-0012,AQS,5,40,1,.,20.0,28.0,47.6062,-122.3321,Seattle,2020-03-23,744955
137,2019-05-18,45,Ozone,MT RAINIER - JACKSON VISITIORS CENTER,53-053-0012,AQS,5,45,3,6,23.0,30.0,47.6062,-122.3321,Seattle,2020-03-23,744955
138,2019-05-19,38,Ozone,SEATTLE - BEACON HILL,53-033-0080,AQS,6,38,1,.,25.0,34.0,47.6062,-122.3321,Seattle,2020-03-23,744955
139,2019-05-20,54,Ozone,MT RAINIER - JACKSON VISITIORS CENTER,53-053-0012,AQS,5,54,1,.,25.0,26.0,47.6062,-122.3321,Seattle,2020-03-23,744955
140,2019-05-21,45,PM2.5,TACOMA - ALEXANDER AVE,53-053-0031,AQS,5,42,1,5,45.0,42.0,47.6062,-122.3321,Seattle,2020-03-23,744955
141,2019-05-22,46,PM2.5,Seattle-10th & Weller,53-033-0030,AQS,7,46,3,.,46.0,35.0,47.6062,-122.3321,Seattle,2020-03-23,744955
142,2019-05-23,52,PM2.5,Seattle-10th & Weller,53-033-0030,AQS,7,45,3,.,52.0,51.0,47.6062,-122.3321,Seattle,2020-03-23,744955
143,2019-05-24,40,PM2.5,SEATTLE - DUWAMISH,53-033-0057,AQS,6,38,1,13,40.0,22.0,47.6062,-122.3321,Seattle,2020-03-23,744955
144,2019-05-25,45,Ozone,MT RAINIER - JACKSON VISITIORS CENTER,53-053-0012,AQS,6,45,1,.,24.0,28.0,47.6062,-122.3321,Seattle,2020-03-23,744955
145,2019-05-26,44,Ozone,MT RAINIER - JACKSON VISITIORS CENTER,53-053-0012,AQS,8,44,1,.,36.0,37.0,47.6062,-122.3321,Seattle,2020-03-23,744955
146,2019-05-27,53,PM2.5,SEATTLE - DUWAMISH,53-033-0057,AQS,8,41,1,10,53.0,26.0,47.6062,-122.3321,Seattle,2020-03-23,744955
147,2019-05-28,51,PM2.5,SEATTLE - SOUTH PARK #2,53-033-1011,AQS,6,31,1,.,51.0,25.0,47.6062,-122.3321,Seattle,2020-03-23,744955
148,2019-05-29,44,PM2.5,Tukwila Allentown,53-033-0069,AQS,7,44,1,.,44.0,42.0,47.6062,-122.3321,Seattle,2020-03-23,744955
149,2019-05-30,52,PM2.5,Seattle-10th & Weller,53-033-0030,AQS,8,35,3,14,52.0,46.0,47.6062,-122.3321,Seattle,2020-03-23,744955
150,2019-05-31,54,PM2.5,Seattle-10th & Weller,53-033-0030,AQS,8,36,3,.,54.0,41.0,47.6062,-122.3321,Seattle,2020-03-23,744955
151,2019-06-01,41,PM2.5,Seattle-10th & Weller,53-033-0030,AQS,8,41,1,.,41.0,38.0,47.6062,-122.3321,Seattle,2020-03-23,744955
152,2019-06-02,37,Ozone,NORTH BEND - NORTH BEND WAY,53-033-0017,AQS,5,37,1,13,36.0,25.0,47.6062,-122.3321,Seattle,2020-03-23,744955
153,2019-06-03,36,Ozone,NORTH BEND - NORTH BEND WAY,53-033-0017,AQS,5,36,1,.,30.0,19.0,47.6062,-122.3321,Seattle,2020-03-23,744955
154,2019-06-04,41,Ozone,NORTH BEND - NORTH BEND WAY,53-033-0017,AQS,7,41,1,.,28.0,35.0,47.6062,-122.3321,Seattle,2020-03-23,744955
155,2019-06-05,36,Ozone,MT RAINIER - JACKSON VISITIORS CENTER,53-053-0012,AQS,5,36,1,8,27.0,32.0,47.6062,-122.3321,Seattle,2020-03-23,744955
156,2019-06-06,31,Ozone,MT RAINIER - JACKSON VISITIORS CENTER,53-053-0012,AQS,5,31,1,.,20.0,26.0,47.6062,-122.3321,Seattle,2020-03-23,744955
157,2019-06-07,29,Ozone,MT RAINIER - JACKSON VISITIORS CENTER,53-053-0012,AQS,5,29,3,.,18.0,25.0,47.6062,-122.3321,Seattle,2020-03-23,744955
158,2019-06-08,32,Ozone,ENUMCLAW - MUD MTN (Army Corp of Engineers site),53-033-0023,AQS,5,32,1,6,25.0,16.0,47.6062,-122.3321,Seattle,2020-03-23,744955
159,2019-06-09,39,Ozone,MT RAINIER - JACKSON VISITIORS CENTER,53-053-0012,AQS,6,39,1,.,23.0,16.0,47.6062,-122.3321,Seattle,2020-03-23,744955
160,2019-06-10,39,Ozone,MT RAINIER - JACKSON VISITIORS CENTER,53-053-0012,AQS,5,39,1,.,23.0,26.0,47.6062,-122.3321,Seattle,2020-03-23,744955
161,2019-06-11,48,Ozone,ENUMCLAW - MUD MTN (Army Corp of Engineers site),53-033-0023,AQS,6,48,1,9,29.0,26.0,47.6062,-122.3321,Seattle,2020-03-23,744955
162,2019-06-12,66,NO2,Seattle-10th & Weller,53-033-0030,AQS,8,51,3,.,47.0,66.0,47.6062,-122.3321,Seattle,2020-03-23,744955
163,2019-06-13,44,Ozone,MT RAINIER - JACKSON VISITIORS CENTER,53-053-0012,AQS,7,44,1,.,42.0,36.0,47.6062,-122.3321,Seattle,2020-03-23,744955
164,2019-06-14,32,PM2.5,TACOMA - ALEXANDER AVE,53-053-0031,AQS,5,26,.,7,32.0,23.0,47.6062,-122.3321,Seattle,2020-03-23,744955
165,2019-06-15,36,PM2.5,Seattle-10th & Weller,53-033-0030,AQS,6,36,.,.,36.0,35.0,47.6062,-122.3321,Seattle,2020-03-23,744955
166,2019-06-16,37,NO2,Seattle-10th & Weller,53-033-0030,AQS,6,36,.,.,32.0,37.0,47.6062,-122.3321,Seattle,2020-03-23,744955
167,2019-06-17,32,NO2,Seattle-10th & Weller,53-033-0030,AQS,6,31,1,7,27.0,32.0,47.6062,-122.3321,Seattle,2020-03-23,744955
168,2019-06-18,26,Ozone,MT RAINIER - JACKSON VISITIORS CENTER,53-053-0012,AQS,5,26,1,.,23.0,19.0,47.6062,-122.3321,Seattle,2020-03-23,744955
169,2019-06-19,31,Ozone,MT RAINIER - JACKSON VISITIORS CENTER,53-053-0012,AQS,5,31,1,.,24.0,21.0,47.6062,-122.3321,Seattle,2020-03-23,744955
170,2019-06-20,27,PM2.5,TACOMA - ALEXANDER AVE,53-053-0031,AQS,5,25,1,6,27.0,24.0,47.6062,-122.3321,Seattle,2020-03-23,744955
171,2019-06-21,29,PM2.5,Tacoma-S 36th St,53-053-0024,AQS,5,27,1,.,29.0,22.0,47.6062,-122.3321,Seattle,2020-03-23,744955
172,2019-06-22,25,PM2.5,SEATTLE - SOUTH PARK #2,53-033-1011,AQS,5,20,1,.,25.0,24.0,47.6062,-122.3321,Seattle,2020-03-23,744955
173,2019-06-23,25,PM2.5,SEATTLE - SOUTH PARK #2,53-033-1011,AQS,3,24,1,7,25.0,21.0,47.6062,-122.3321,Seattle,2020-03-23,744955
174,2019-06-24,31,Ozone,ISSAQUAH -  LAKE SAMMAMISH (Wiithin Lake Sammamish State Park),53-033-0010,AQS,6,31,1,.,25.0,25.0,47.6062,-122.3321,Seattle,2020-03-23,744955
175,2019-06-25,37,Ozone,NORTH BEND - NORTH BEND WAY,53-033-0017,AQS,6,37,3,.,30.0,31.0,47.6062,-122.3321,Seattle,2020-03-23,744955
176,2019-06-26,34,Ozone,MT RAINIER - JACKSON VISITIORS CENTER,53-053-0012,AQS,5,34,1,.,27.0,31.0,47.6062,-122.3321,Seattle,2020-03-23,744955
177,2019-06-27,32,Ozone,MT RAINIER - JACKSON VISITIORS CENTER,53-053-0012,AQS,5,32,1,.,21.0,22.0,47.6062,-122.3321,Seattle,2020-03-23,744955
178,2019-06-28,31,Ozone,ISSAQUAH -  LAKE SAMMAMISH (Wiithin Lake Sammamish State Park),53-033-0010,AQS,5,31,1,.,21.0,25.0,47.6062,-122.3321,Seattle,2020-03-23,744955
179,2019-06-29,39,Ozone,ISSAQUAH -  LAKE SAMMAMISH (Wiithin Lake Sammamish State Park),53-033-0010,AQS,6,39,1,8,30.0,24.0,47.6062,-122.3321,Seattle,2020-03-23,744955
180,2019-06-30,44,Ozone,ENUMCLAW - MUD MTN (Army Corp of Engineers site),53-033-0023,AQS,5,44,1,.,28.0,25.0,47.6062,-122.3321,Seattle,2020-03-23,744955
181,2019-07-01,43,Ozone,NORTH BEND - NORTH BEND WAY,53-033-0017,AQS,7,43,3,.,29.0,35.0,47.6062,-122.3321,Seattle,2020-03-23,744955
182,2019-07-02,30,PM2.5,TACOMA - ALEXANDER AVE,53-053-0031,AQS,7,24,1,5,30.0,28.0,47.6062,-122.3321,Seattle,2020-03-23,744955
183,2019-07-03,31,PM2.5,Seattle-10th & Weller,53-033-0030,AQS,8,21,1,.,31.0,30.0,47.6062,-122.3321,Seattle,2020-03-23,744955
184,2019-07-04,69,PM2.5,PUYALLUP - 128TH ST,53-053-1018,AQS,7,32,4,.,69.0,26.0,47.6062,-122.3321,Seattle,2020-03-23,744955
185,2019-07-05,77,PM2.5,MARYSVILLE - 7TH AVE (Marysville Junior High),53-061-1007,AQS,6,20,1,9,77.0,22.0,47.6062,-122.3321,Seattle,2020-03-23,744955
186,2019-07-06,30,PM2.5,TACOMA - ALEXANDER AVE,53-053-0031,AQS,6,26,1,.,30.0,29.0,47.6062,-122.3321,Seattle,2020-03-23,744955
187,2019-07-07,30,PM2.5,SEATTLE - SOUTH PARK #2,53-033-1011,AQS,5,23,1,.,30.0,20.0,47.6062,-122.3321,Seattle,2020-03-23,744955
188,2019-07-08,34,PM2.5,SEATTLE - SOUTH PARK #2,53-033-1011,AQS,7,31,3,7,34.0,34.0,47.6062,-122.3321,Seattle,2020-03-23,744955
189,2019-07-09,40,PM2.5,Seattle-10th & Weller,53-033-0030,AQS,7,26,3,.,40.0,31.0,47.6062,-122.3321,Seattle,2020-03-23,744955
190,2019-07-10,25,PM2.5,KENT - JAMES & CENTRAL,53-033-2004,AirNow,6,21,1,.,25.0,25.0,47.6062,-122.3321,Seattle,2020-03-23,744955
191,2019-07-11,26,NO2,Seattle-10th & Weller,53-033-0030,AQS,6,19,.,6,25.0,26.0,47.6062,-122.3321,Seattle,2020-03-23,744955
192,2019-07-12,31,Ozone,ISSAQUAH -  LAKE SAMMAMISH (Wiithin Lake Sammamish State Park),53-033-0010,AQS,6,31,3,.,29.0,28.0,47.6062,-122.3321,Seattle,2020-03-23,744955
193,2019-07-13,28,PM2.5,SEATTLE - SOUTH PARK #2,53-033-1011,AQS,5,27,1,.,28.0,22.0,47.6062,-122.3321,Seattle,2020-03-23,744955
194,2019-07-14,35,Ozone,ISSAQUAH -  LAKE SAMMAMISH (Wiithin Lake Sammamish State Park),53-033-0010,AQS,5,35,1,7,32.0,20.0,47.6062,-122.3321,Seattle,2020-03-23,744955
195,2019-07-15,31,Ozone,MT RAINIER - JACKSON VISITIORS CENTER,53-053-0012,AQS,6,31,3,.,25.0,27.0,47.6062,-122.3321,Seattle,2020-03-23,744955
196,2019-07-16,32,NO2,Seattle-10th & Weller,53-033-0030,AQS,6,27,4,.,29.0,32.0,47.6062,-122.3321,Seattle,2020-03-23,744955
197,2019-07-17,25,Ozone,MT RAINIER - JACKSON VISITIORS CENTER,53-053-0012,AQS,5,25,1,4,19.0,24.0,47.6062,-122.3321,Seattle,2020-03-23,744955
198,2019-07-18,28,Ozone,MT RAINIER - JACKSON VISITIORS CENTER,53-053-0012,AQS,5,28,1,.,24.0,19.0,47.6062,-122.3321,Seattle,2020-03-23,744955
199,2019-07-19,28,Ozone,ISSAQUAH -  LAKE SAMMAMISH (Wiithin Lake Sammamish State Park),53-033-0010,AQS,6,28,1,.,25.0,24.0,47.6062,-122.3321,Seattle,2020-03-23,744955
200,2019-07-20,51,PM2.5,SEATTLE - DUWAMISH,53-033-0057,AQS,5,37,1,8,51.0,32.0,47.6062,-122.3321,Seattle,2020-03-23,744955
201,2019-07-21,47,Ozone,ENUMCLAW - MUD MTN (Army Corp of Engineers site),53-033-0023,AQS,5,47,1,.,34.0,30.0,47.6062,-122.3321,Seattle,2020-03-23,744955
202,2019-07-22,45,Ozone,NORTH BEND - NORTH BEND WAY,53-033-0017,AQS,6,45,1,.,26.0,25.0,47.6062,-122.3321,Seattle,2020-03-23,744955
203,2019-07-23,30,Ozone,MT RAINIER - JACKSON VISITIORS CENTER,53-053-0012,AQS,6,30,1,7,25.0,19.0,47.6062,-122.3321,Seattle,2020-03-23,744955
204,2019-07-24,34,Ozone,ENUMCLAW - MUD MTN (Army Corp of Engineers site),53-033-0023,AQS,5,34,1,.,25.0,20.0,47.6062,-122.3321,Seattle,2020-03-23,744955
205,2019-07-25,41,Ozone,MT RAINIER - JACKSON VISITIORS CENTER,53-053-0012,AQS,6,41,1,.,28.0,27.0,47.6062,-122.3321,Seattle,2020-03-23,744955
206,2019-07-26,43,Ozone,ENUMCLAW - MUD MTN (Army Corp of Engineers site),53-033-0023,AQS,6,43,6,7,29.0,32.0,47.6062,-122.3321,Seattle,2020-03-23,744955
207,2019-07-27,29,Ozone,ENUMCLAW - MUD MTN (Army Corp of Engineers site),53-033-0023,AQS,5,29,1,.,23.0,21.0,47.6062,-122.3321,Seattle,2020-03-23,744955
208,2019-07-28,38,Ozone,ENUMCLAW - MUD MTN (Army Corp of Engineers site),53-033-0023,AQS,5,38,1,.,23.0,14.0,47.6062,-122.3321,Seattle,2020-03-23,744955
209,2019-07-29,40,Ozone,NORTH BEND - NORTH BEND WAY,53-033-0017,AQS,7,40,3,11,34.0,27.0,47.6062,-122.3321,Seattle,2020-03-23,744955
210,2019-07-30,42,NO2,Seattle-10th & Weller,53-033-0030,AQS,6,36,1,.,28.0,42.0,47.6062,-122.3321,Seattle,2020-03-23,744955
211,2019-07-31,41,Ozone,ENUMCLAW - MUD MTN (Army Corp of Engineers site),53-033-0023,AQS,6,41,1,.,33.0,38.0,47.6062,-122.3321,Seattle,2020-03-23,744955
212,2019-08-01,36,Ozone,ISSAQUAH -  LAKE SAMMAMISH (Wiithin Lake Sammamish State Park),53-033-0010,AQS,5,36,1,6,21.0,21.0,47.6062,-122.3321,Seattle,2020-03-23,744955
213,2019-08-02,137,PM2.5,TACOMA - L STREET,53-053-0029,AirNow,6,26,1,.,137.0,25.0,47.6062,-122.3321,Seattle,2020-03-23,744955
214,2019-08-03,56,PM2.5,SEATTLE - DUWAMISH,53-033-0057,AirNow,6,41,1,.,56.0,22.0,47.6062,-122.3321,Seattle,2020-03-23,744955
215,2019-08-04,61,Ozone,ENUMCLAW - MUD MTN (Army Corp of Engineers site),53-033-0023,AQS,7,61,1,13,54.0,42.0,47.6062,-122.3321,Seattle,2020-03-23,744955
216,2019-08-05,87,Ozone,ENUMCLAW - MUD MTN (Army Corp of Engineers site),53-033-0023,AQS,8,87,3,.,74.0,41.0,47.6062,-122.3321,Seattle,2020-03-23,744955
217,2019-08-06,49,PM2.5,Tukwila Allentown,53-033-0069,AQS,7,47,1,.,49.0,36.0,47.6062,-122.3321,Seattle,2020-03-23,744955
218,2019-08-07,43,PM2.5,Tukwila Allentown,53-033-0069,AQS,6,40,1,10,43.0,29.0,47.6062,-122.3321,Seattle,2020-03-23,744955
219,2019-08-08,31,Ozone,SEATTLE - BEACON HILL,53-033-0080,AQS,6,31,1,.,27.0,26.0,47.6062,-122.3321,Seattle,2020-03-23,744955
220,2019-08-09,36,Ozone,MT RAINIER - JACKSON VISITIORS CENTER,53-053-0012,AQS,7,36,1,.,32.0,34.0,47.6062,-122.3321,Seattle,2020-03-23,744955
221,2019-08-10,35,PM2.5,SEATTLE - SOUTH PARK #2,53-033-1011,AQS,3,27,3,9,35.0,28.0,47.6062,-122.3321,Seattle,2020-03-23,744955
222,2019-08-11,28,PM2.5,SEATTLE - DUWAMISH,53-033-0057,AirNow,2,28,1,.,28.0,14.0,47.6062,-122.3321,Seattle,2020-03-23,744955
223,2019-08-12,39,Ozone,MT RAINIER - JACKSON VISITIORS CENTER,53-053-0012,AQS,2,39,1,.,26.0,33.0,47.6062,-122.3321,Seattle,2020-03-23,744955
224,2019-08-13,49,Ozone,NORTH BEND - NORTH BEND WAY,53-033-0017,AQS,5,49,3,8,37.0,29.0,47.6062,-122.3321,Seattle,2020-03-23,744955
225,2019-08-14,50,Ozone,ENUMCLAW - MUD MTN (Army Corp of Engineers site),53-033-0023,AQS,6,50,1,.,33.0,41.0,47.6062,-122.3321,Seattle,2020-03-23,744955
226,2019-08-15,36,Ozone,NORTH BEND - NORTH BEND WAY,53-033-0017,AQS,6,36,1,.,29.0,34.0,47.6062,-122.3321,Seattle,2020-03-23,744955
227,2019-08-16,39,PM2.5,SEATTLE - DUWAMISH,53-033-0057,AirNow,6,24,1,11,39.0,22.0,47.6062,-122.3321,Seattle,2020-03-23,744955
228,2019-08-17,33,PM2.5,SEATTLE - DUWAMISH,53-033-0057,AirNow,6,30,1,.,33.0,23.0,47.6062,-122.3321,Seattle,2020-03-23,744955
229,2019-08-18,32,Ozone,ENUMCLAW - MUD MTN (Army Corp of Engineers site),53-033-0023,AQS,6,32,1,.,28.0,24.0,47.6062,-122.3321,Seattle,2020-03-23,744955
230,2019-08-19,42,Ozone,MT RAINIER - JACKSON VISITIORS CENTER,53-053-0012,AQS,6,42,3,7,34.0,23.0,47.6062,-122.3321,Seattle,2020-03-23,744955
231,2019-08-20,44,Ozone,ENUMCLAW - MUD MTN (Army Corp of Engineers site),53-033-0023,AQS,7,44,3,.,38.0,36.0,47.6062,-122.3321,Seattle,2020-03-23,744955
232,2019-08-21,40,PM2.5,SEATTLE - DUWAMISH,53-033-0057,AirNow,6,39,1,.,40.0,33.0,47.6062,-122.3321,Seattle,2020-03-23,744955
233,2019-08-22,39,NO2,Seattle-10th & Weller,53-033-0030,AQS,7,37,1,12,37.0,39.0,47.6062,-122.3321,Seattle,2020-03-23,744955
234,2019-08-23,45,PM2.5,SEATTLE - DUWAMISH,53-033-0057,AirNow,7,36,.,.,45.0,32.0,47.6062,-122.3321,Seattle,2020-03-23,744955
235,2019-08-24,35,PM2.5,SEATTLE - DUWAMISH,53-033-0057,AirNow,6,31,.,.,35.0,27.0,47.6062,-122.3321,Seattle,2020-03-23,744955
236,2019-08-25,41,NO2,Seattle-10th & Weller,53-033-0030,AQS,6,39,.,10,30.0,41.0,47.6062,-122.3321,Seattle,2020-03-23,744955
237,2019-08-26,54,PM2.5,SEATTLE - DUWAMISH,53-033-0057,AirNow,6,41,.,.,54.0,24.0,47.6062,-122.3321,Seattle,2020-03-23,744955
238,2019-08-27,54,Ozone,ENUMCLAW - MUD MTN (Army Corp of Engineers site),53-033-0023,AirNow,7,54,.,.,51.0,23.0,47.6062,-122.3321,Seattle,2020-03-23,744955
239,2019-08-28,90,Ozone,ENUMCLAW - MUD MTN (Army Corp of Engineers site),53-033-0023,AirNow,7,90,.,12,43.0,39.0,47.6062,-122.3321,Seattle,2020-03-23,744955
240,2019-08-29,49,PM2.5,SEATTLE - DUWAMISH,53-033-0057,AirNow,7,43,.,.,49.0,32.0,47.6062,-122.3321,Seattle,2020-03-23,744955
241,2019-08-30,42,PM2.5,SEATTLE - DUWAMISH,53-033-0057,AirNow,7,35,.,.,42.0,34.0,47.6062,-122.3321,Seattle,2020-03-23,744955
242,2019-08-31,62,PM2.5,LAKE FOREST PARK TOWNE CENTER,53-033-0024,AQS,6,35,1,11,62.0,28.0,47.6062,-122.3321,Seattle,2020-03-23,744955
243,2019-09-01,31,Ozone,ISSAQUAH -  LAKE SAMMAMISH (Wiithin Lake Sammamish State Park),53-033-0010,AQS,6,31,0,.,25.0,24.0,47.6062,-122.3321,Seattle,2020-03-23,744955
244,2019-09-02,43,Ozone,ENUMCLAW - MUD MTN (Army Corp of Engineers site),53-033-0023,AirNow,6,43,0,.,35.0,30.0,47.6062,-122.3321,Seattle,2020-03-23,744955
245,2019-09-03,47,PM2.5,SEATTLE - DUWAMISH,53-033-0057,AirNow,7,41,.,13,47.0,35.0,47.6062,-122.3321,Seattle,2020-03-23,744955
246,2019-09-04,44,PM2.5,SEATTLE - DUWAMISH,53-033-0057,AirNow,6,38,.,.,44.0,30.0,47.6062,-122.3321,Seattle,2020-03-23,744955
247,2019-09-05,54,PM2.5,SEATTLE - DUWAMISH,53-033-0057,AirNow,7,40,.,.,54.0,42.0,47.6062,-122.3321,Seattle,2020-03-23,744955
248,2019-09-06,42,Ozone,MT RAINIER - JACKSON VISITIORS CENTER,53-053-0012,AQS,7,42,1,11,40.0,41.0,47.6062,-122.3321,Seattle,2020-03-23,744955
249,2019-09-07,42,Ozone,MT RAINIER - JACKSON VISITIORS CENTER,53-053-0012,AQS,6,42,1,.,32.0,24.0,47.6062,-122.3321,Seattle,2020-03-23,744955
250,2019-09-08,31,Ozone,MT RAINIER - JACKSON VISITIORS CENTER,53-053-0012,AQS,5,31,0,.,21.0,19.0,47.6062,-122.3321,Seattle,2020-03-23,744955
251,2019-09-09,35,Ozone,MT RAINIER - JACKSON VISITIORS CENTER,53-053-0012,AQS,5,35,0,4,24.0,25.0,47.6062,-122.3321,Seattle,2020-03-23,744955
252,2019-09-10,30,Ozone,MT RAINIER - JACKSON VISITIORS CENTER,53-053-0012,AQS,6,30,0,.,29.0,30.0,47.6062,-122.3321,Seattle,2020-03-23,744955
253,2019-09-11,36,PM2.5,SEATTLE - SOUTH PARK #2,53-033-1011,AQS,7,31,0,.,36.0,31.0,47.6062,-122.3321,Seattle,2020-03-23,744955
254,2019-09-12,34,Ozone,ENUMCLAW - MUD MTN (Army Corp of Engineers site),53-033-0023,AirNow,7,34,1,7,29.0,26.0,47.6062,-122.3321,Seattle,2020-03-23,744955
255,2019-09-13,30,PM2.5,SEATTLE - DUWAMISH,53-033-0057,AirNow,6,30,0,.,30.0,22.0,47.6062,-122.3321,Seattle,2020-03-23,744955
256,2019-09-14,31,PM2.5,SEATTLE - DUWAMISH,53-033-0057,AirNow,5,31,0,.,31.0,21.0,47.6062,-122.3321,Seattle,2020-03-23,744955
257,2019-09-15,39,Ozone,MT RAINIER - JACKSON VISITIORS CENTER,53-053-0012,AQS,5,39,0,4,31.0,16.0,47.6062,-122.3321,Seattle,2020-03-23,744955
258,2019-09-16,33,PM2.5,SEATTLE - DUWAMISH,53-033-0057,AirNow,7,27,0,.,33.0,28.0,47.6062,-122.3321,Seattle,2020-03-23,744955
259,2019-09-17,32,Ozone,MT RAINIER - JACKSON VISITIORS CENTER,53-053-0012,AQS,5,32,0,.,25.0,20.0,47.6062,-122.3321,Seattle,2020-03-23,744955
260,2019-09-18,31,Ozone,MT RAINIER - JACKSON VISITIORS CENTER,53-053-0012,AQS,6,31,0,.,28.0,26.0,47.6062,-122.3321,Seattle,2020-03-23,744955
261,2019-09-19,39,PM2.5,Seattle-10th & Weller,53-033-0030,AQS,8,24,3,.,39.0,27.0,47.6062,-122.3321,Seattle,2020-03-23,744955
262,2019-09-20,37,PM2.5,SEATTLE - DUWAMISH,53-033-0057,AirNow,6,21,0,.,37.0,26.0,47.6062,-122.3321,Seattle,2020-03-23,744955
263,2019-09-21,41,PM2.5,MARYSVILLE - 7TH AVE (Marysville Junior High),53-061-1007,AQS,6,22,0,.,41.0,19.0,47.6062,-122.3321,Seattle,2020-03-23,744955
264,2019-09-22,35,PM2.5,SEATTLE - DUWAMISH,53-033-0057,AirNow,5,29,0,.,35.0,21.0,47.6062,-122.3321,Seattle,2020-03-23,744955
265,2019-09-23,56,PM2.5,SEATTLE - DUWAMISH,53-033-0057,AirNow,5,30,0,.,56.0,25.0,47.6062,-122.3321,Seattle,2020-03-23,744955
266,2019-09-24,33,Ozone,MT RAINIER - JACKSON VISITIORS CENTER,53-053-0012,AQS,5,33,1,.,32.0,33.0,47.6062,-122.3321,Seattle,2020-03-23,744955
267,2019-09-25,81,PM2.5,SEATTLE - DUWAMISH,53-033-0057,AirNow,6,31,0,.,81.0,27.0,47.6062,-122.3321,Seattle,2020-03-23,744955
268,2019-09-26,29,NO2,Seattle-10th & Weller,53-033-0030,AQS,7,26,0,.,26.0,29.0,47.6062,-122.3321,Seattle,2020-03-23,744955
269,2019-09-27,31,Ozone,MT RAINIER - JACKSON VISITIORS CENTER,53-053-0012,AQS,6,31,0,.,30.0,31.0,47.6062,-122.3321,Seattle,2020-03-23,744955
270,2019-09-28,29,PM2.5,MARYSVILLE - 7TH AVE (Marysville Junior High),53-061-1007,AQS,3,28,0,.,29.0,17.0,47.6062,-122.3321,Seattle,2020-03-23,744955
271,2019-09-29,33,PM2.5,MARYSVILLE - 7TH AVE (Marysville Junior High),53-061-1007,AQS,5,25,0,.,33.0,17.0,47.6062,-122.3321,Seattle,2020-03-23,744955
272,2019-09-30,41,PM2.5,MARYSVILLE - 7TH AVE (Marysville Junior High),53-061-1007,AQS,6,25,0,.,41.0,23.0,47.6062,-122.3321,Seattle,2020-03-23,744955
273,2019-10-01,57,PM2.5,MARYSVILLE - 7TH AVE (Marysville Junior High),53-061-1007,AQS,6,30,1,.,57.0,28.0,47.6062,-122.3321,Seattle,2020-03-23,744955
274,2019-10-02,50,PM2.5,MARYSVILLE - 7TH AVE (Marysville Junior High),53-061-1007,AQS,8,32,3,.,50.0,32.0,47.6062,-122.3321,Seattle,2020-03-23,744955
275,2019-10-03,33,PM2.5,SEATTLE - DUWAMISH,53-033-0057,AQS,8,31,0,6,33.0,23.0,47.6062,-122.3321,Seattle,2020-03-23,744955
276,2019-10-04,31,PM2.5,SEATTLE - DUWAMISH,53-033-0057,AQS,5,31,0,.,31.0,25.0,47.6062,-122.3321,Seattle,2020-03-23,744955
277,2019-10-05,33,PM2.5,MARYSVILLE - 7TH AVE (Marysville Junior High),53-061-1007,AQS,6,32,0,.,33.0,25.0,47.6062,-122.3321,Seattle,2020-03-23,744955
278,2019-10-06,43,PM2.5,MARYSVILLE - 7TH AVE (Marysville Junior High),53-061-1007,AQS,6,33,0,7,43.0,23.0,47.6062,-122.3321,Seattle,2020-03-23,744955
279,2019-10-07,37,Ozone,MT RAINIER - JACKSON VISITIORS CENTER,53-053-0012,AQS,6,37,0,.,28.0,16.0,47.6062,-122.3321,Seattle,2020-03-23,744955
280,2019-10-08,36,Ozone,MT RAINIER - JACKSON VISITIORS CENTER,53-053-0012,AQS,5,36,0,.,32.0,25.0,47.6062,-122.3321,Seattle,2020-03-23,744955
281,2019-10-09,46,PM2.5,MARYSVILLE - 7TH AVE (Marysville Junior High),53-061-1007,AQS,5,28,0,5,46.0,24.0,47.6062,-122.3321,Seattle,2020-03-23,744955
282,2019-10-10,54,PM2.5,MARYSVILLE - 7TH AVE (Marysville Junior High),53-061-1007,AQS,6,45,0,.,54.0,21.0,47.6062,-122.3321,Seattle,2020-03-23,744955
283,2019-10-11,61,PM2.5,TACOMA - L STREET,53-053-0029,AQS,10,44,0,.,61.0,41.0,47.6062,-122.3321,Seattle,2020-03-23,744955
284,2019-10-12,62,PM2.5,TACOMA - L STREET,53-053-0029,AQS,9,41,1,14,62.0,27.0,47.6062,-122.3321,Seattle,2020-03-23,744955
285,2019-10-13,59,PM2.5,MARYSVILLE - 7TH AVE (Marysville Junior High),53-061-1007,AQS,7,32,1,.,59.0,31.0,47.6062,-122.3321,Seattle,2020-03-23,744955
286,2019-10-14,63,PM2.5,MARYSVILLE - 7TH AVE (Marysville Junior High),53-061-1007,AQS,7,41,1,.,63.0,37.0,47.6062,-122.3321,Seattle,2020-03-23,744955
287,2019-10-15,64,PM2.5,SEATTLE - DUWAMISH,53-033-0057,AirNow,8,48,1,16,64.0,35.0,47.6062,-122.3321,Seattle,2020-03-23,744955
288,2019-10-16,56,PM2.5,SEATTLE - DUWAMISH,53-033-0057,AQS,7,23,1,.,56.0,35.0,47.6062,-122.3321,Seattle,2020-03-23,744955
289,2019-10-17,53,PM2.5,SEATTLE - DUWAMISH,53-033-0057,AQS,3,36,0,.,53.0,27.0,47.6062,-122.3321,Seattle,2020-03-23,744955
290,2019-10-18,40,PM2.5,SEATTLE - DUWAMISH,53-033-0057,AQS,2,33,0,6,40.0,28.0,47.6062,-122.3321,Seattle,2020-03-23,744955
291,2019-10-19,36,Ozone,MT RAINIER - JACKSON VISITIORS CENTER,53-053-0012,AQS,2,36,0,.,25.0,23.0,47.6062,-122.3321,Seattle,2020-03-23,744955
292,2019-10-20,41,Ozone,MT RAINIER - JACKSON VISITIORS CENTER,53-053-0012,AQS,2,41,0,.,33.0,22.0,47.6062,-122.3321,Seattle,2020-03-23,744955
293,2019-10-21,48,PM2.5,SEATTLE - DUWAMISH,53-033-0057,AQS,6,24,0,13,48.0,29.0,47.6062,-122.3321,Seattle,2020-03-23,744955
294,2019-10-22,46,PM2.5,MARYSVILLE - 7TH AVE (Marysville Junior High),53-061-1007,AQS,5,25,0,.,46.0,28.0,47.6062,-122.3321,Seattle,2020-03-23,744955
295,2019-10-23,47,PM2.5,MARYSVILLE - 7TH AVE (Marysville Junior High),53-061-1007,AQS,5,15,0,.,47.0,26.0,47.6062,-122.3321,Seattle,2020-03-23,744955
296,2019-10-24,60,PM2.5,TACOMA - L STREET,53-053-0029,AQS,9,40,3,18,60.0,31.0,47.6062,-122.3321,Seattle,2020-03-23,744955
297,2019-10-25,50,PM2.5,SEATTLE - DUWAMISH,53-033-0057,AirNow,9,33,3,.,50.0,25.0,47.6062,-122.3321,Seattle,2020-03-23,744955
298,2019-10-26,36,PM2.5,SEATTLE - DUWAMISH,53-033-0057,AirNow,7,33,0,.,36.0,29.0,47.6062,-122.3321,Seattle,2020-03-23,744955
299,2019-10-27,60,PM2.5,MARYSVILLE - 7TH AVE (Marysville Junior High),53-061-1007,AQS,5,33,0,6,60.0,25.0,47.6062,-122.3321,Seattle,2020-03-23,744955
300,2019-10-28,62,PM2.5,MARYSVILLE - 7TH AVE (Marysville Junior High),53-061-1007,AQS,7,31,0,.,62.0,23.0,47.6062,-122.3321,Seattle,2020-03-23,744955
301,2019-10-29,66,PM2.5,MARYSVILLE - 7TH AVE (Marysville Junior High),53-061-1007,AQS,6,42,0,.,66.0,31.0,47.6062,-122.3321,Seattle,2020-03-23,744955
302,2019-10-30,64,PM2.5,MARYSVILLE - 7TH AVE (Marysville Junior High),53-061-1007,AQS,6,43,0,9,64.0,34.0,47.6062,-122.3321,Seattle,2020-03-23,744955
303,2019-10-31,84,PM2.5,TACOMA - L STREET,53-053-0029,AQS,8,39,3,.,84.0,35.0,47.6062,-122.3321,Seattle,2020-03-23,744955
304,2019-11-01,75,PM2.5,TACOMA - L STREET,53-053-0029,AQS,7,43,1,.,75.0,28.0,47.6062,-122.3321,Seattle,2020-03-23,744955
305,2019-11-02,90,PM2.5,MARYSVILLE - 7TH AVE (Marysville Junior High),53-061-1007,AQS,7,41,1,16,90.0,28.0,47.6062,-122.3321,Seattle,2020-03-23,744955
306,2019-11-03,93,PM2.5,TACOMA - L STREET,53-053-0029,AQS,7,35,0,.,93.0,23.0,47.6062,-122.3321,Seattle,2020-03-23,744955
307,2019-11-04,84,PM2.5,MARYSVILLE - 7TH AVE (Marysville Junior High),53-061-1007,AQS,6,38,0,.,84.0,26.0,47.6062,-122.3321,Seattle,2020-03-23,744955
308,2019-11-05,67,PM2.5,DARRINGTON - FIR ST (Darrington High School),53-061-0020,AQS,6,37,1,9,67.0,23.0,47.6062,-122.3321,Seattle,2020-03-23,744955
309,2019-11-06,76,PM2.5,TACOMA - L STREET,53-053-0029,AirNow,6,41,0,.,76.0,21.0,47.6062,-122.3321,Seattle,2020-03-23,744955
310,2019-11-07,82,PM2.5,TACOMA - L STREET,53-053-0029,AQS,9,43,4,.,82.0,33.0,47.6062,-122.3321,Seattle,2020-03-23,744955
311,2019-11-08,76,PM2.5,TACOMA - L STREET,53-053-0029,AQS,10,44,1,.,76.0,36.0,47.6062,-122.3321,Seattle,2020-03-23,744955
312,2019-11-09,61,PM2.5,SEATTLE - DUWAMISH,53-033-0057,AirNow,6,43,0,.,61.0,18.0,47.6062,-122.3321,Seattle,2020-03-23,744955
313,2019-11-10,58,PM2.5,SEATTLE - DUWAMISH,53-033-0057,AirNow,6,33,0,.,58.0,17.0,47.6062,-122.3321,Seattle,2020-03-23,744955
314,2019-11-11,57,PM2.5,TACOMA - L STREET,53-053-0029,AirNow,9,45,1,12,57.0,27.0,47.6062,-122.3321,Seattle,2020-03-23,744955
315,2019-11-12,55,PM2.5,SEATTLE - DUWAMISH,53-033-0057,AirNow,8,41,1,.,55.0,29.0,47.6062,-122.3321,Seattle,2020-03-23,744955
316,2019-11-13,61,PM2.5,SEATTLE - DUWAMISH,53-033-0057,AirNow,5,9,0,.,61.0,18.0,47.6062,-122.3321,Seattle,2020-03-23,744955
317,2019-11-14,72,PM2.5,SEATTLE - DUWAMISH,53-033-0057,AirNow,9,41,3,16,72.0,26.0,47.6062,-122.3321,Seattle,2020-03-23,744955
318,2019-11-15,43,PM2.5,SEATTLE - DUWAMISH,53-033-0057,AirNow,7,38,0,.,43.0,26.0,47.6062,-122.3321,Seattle,2020-03-23,744955
319,2019-11-16,48,PM2.5,DARRINGTON - FIR ST (Darrington High School),53-061-0020,AQS,7,42,0,.,48.0,22.0,47.6062,-122.3321,Seattle,2020-03-23,744955
320,2019-11-17,44,Ozone,MT RAINIER - JACKSON VISITIORS CENTER,53-053-0012,AQS,7,44,0,7,36.0,23.0,47.6062,-122.3321,Seattle,2020-03-23,744955
321,2019-11-18,45,PM2.5,SEATTLE - DUWAMISH,53-033-0057,AirNow,6,44,1,.,45.0,25.0,47.6062,-122.3321,Seattle,2020-03-23,744955
322,2019-11-19,37,NO2,Seattle-10th & Weller,53-033-0030,AQS,5,19,0,.,36.0,37.0,47.6062,-122.3321,Seattle,2020-03-23,744955
323,2019-11-20,55,PM2.5,MARYSVILLE - 7TH AVE (Marysville Junior High),53-061-1007,AQS,6,11,0,8,55.0,25.0,47.6062,-122.3321,Seattle,2020-03-23,744955
324,2019-11-21,81,PM2.5,TACOMA - L STREET,53-053-0029,AQS,11,2,4,.,81.0,29.0,47.6062,-122.3321,Seattle,2020-03-23,744955
325,2019-11-22,89,PM2.5,SEATTLE - DUWAMISH,53-033-0057,AirNow,13,42,3,.,89.0,26.0,47.6062,-122.3321,Seattle,2020-03-23,744955
326,2019-11-23,66,PM2.5,SEATTLE - DUWAMISH,53-033-0057,AirNow,10,43,1,14,66.0,19.0,47.6062,-122.3321,Seattle,2020-03-23,744955
327,2019-11-24,45,PM2.5,MARYSVILLE - 7TH AVE (Marysville Junior High),53-061-1007,AQS,6,38,0,.,45.0,25.0,47.6062,-122.3321,Seattle,2020-03-23,744955
328,2019-11-25,38,Ozone,MT RAINIER - JACKSON VISITIORS CENTER,53-053-0012,AQS,6,38,0,.,33.0,30.0,47.6062,-122.3321,Seattle,2020-03-23,744955
329,2019-11-26,45,PM2.5,DARRINGTON - FIR ST (Darrington High School),53-061-0020,AQS,5,39,0,4,45.0,26.0,47.6062,-122.3321,Seattle,2020-03-23,744955
330,2019-11-27,52,PM2.5,DARRINGTON - FIR ST (Darrington High School),53-061-0020,AQS,5,35,0,.,52.0,24.0,47.6062,-122.3321,Seattle,2020-03-23,744955
331,2019-11-28,68,PM2.5,MARYSVILLE - 7TH AVE (Marysville Junior High),53-061-1007,AQS,3,34,0,.,68.0,18.0,47.6062,-122.3321,Seattle,2020-03-23,744955
332,2019-11-29,84,PM2.5,MARYSVILLE - 7TH AVE (Marysville Junior High),53-061-1007,AQS,7,37,0,8,84.0,28.0,47.6062,-122.3321,Seattle,2020-03-23,744955
333,2019-11-30,92,PM2.5,MARYSVILLE - 7TH AVE (Marysville Junior High),53-061-1007,AQS,9,26,0,.,92.0,25.0,47.6062,-122.3321,Seattle,2020-03-23,744955
334,2019-12-01,75,PM2.5,MARYSVILLE - 7TH AVE (Marysville Junior High),53-061-1007,AQS,7,39,0,.,75.0,35.0,47.6062,-122.3321,Seattle,2020-03-23,744955
335,2019-12-02,76,PM2.5,TACOMA - L STREET,53-053-0029,AQS,13,39,3,16,76.0,37.0,47.6062,-122.3321,Seattle,2020-03-23,744955
336,2019-12-03,72,PM2.5,DARRINGTON - FIR ST (Darrington High School),53-061-0020,AQS,13,39,1,.,72.0,30.0,47.6062,-122.3321,Seattle,2020-03-23,744955
337,2019-12-04,54,PM2.5,DARRINGTON - FIR ST (Darrington High School),53-061-0020,AirNow,7,38,1,.,54.0,35.0,47.6062,-122.3321,Seattle,2020-03-23,744955
338,2019-12-05,67,PM2.5,SEATTLE - DUWAMISH,53-033-0057,AirNow,9,36,3,.,67.0,27.0,47.6062,-122.3321,Seattle,2020-03-23,744955
339,2019-12-06,62,PM2.5,SEATTLE - DUWAMISH,53-033-0057,AirNow,9,38,3,.,62.0,30.0,47.6062,-122.3321,Seattle,2020-03-23,744955
340,2019-12-07,44,PM2.5,SEATTLE - DUWAMISH,53-033-0057,AirNow,8,38,1,.,44.0,23.0,47.6062,-122.3321,Seattle,2020-03-23,744955
341,2019-12-08,52,PM2.5,TACOMA - L STREET,53-053-0029,AirNow,7,34,0,.,52.0,18.0,47.6062,-122.3321,Seattle,2020-03-23,744955
342,2019-12-09,58,PM2.5,SEATTLE - DUWAMISH,53-033-0057,AirNow,5,45,0,.,58.0,23.0,47.6062,-122.3321,Seattle,2020-03-23,744955
343,2019-12-10,69,PM2.5,DARRINGTON - FIR ST (Darrington High School),53-061-0020,AQS,6,44,0,.,69.0,20.0,47.6062,-122.3321,Seattle,2020-03-23,744955
344,2019-12-11,66,PM2.5,DARRINGTON - FIR ST (Darrington High School),53-061-0020,AirNow,6,39,1,.,66.0,26.0,47.6062,-122.3321,Seattle,2020-03-23,744955
345,2019-12-12,43,Ozone,MT RAINIER - JACKSON VISITIORS CENTER,53-053-0012,AQS,5,43,0,.,39.0,38.0,47.6062,-122.3321,Seattle,2020-03-23,744955
346,2019-12-13,41,Ozone,MT RAINIER - JACKSON VISITIORS CENTER,53-053-0012,AQS,7,41,0,.,38.0,37.0,47.6062,-122.3321,Seattle,2020-03-23,744955
347,2019-12-14,60,PM2.5,MARYSVILLE - 7TH AVE (Marysville Junior High),53-061-1007,AQS,6,37,0,.,60.0,27.0,47.6062,-122.3321,Seattle,2020-03-23,744955
348,2019-12-15,63,PM2.5,MARYSVILLE - 7TH AVE (Marysville Junior High),53-061-1007,AQS,7,39,0,.,63.0,25.0,47.6062,-122.3321,Seattle,2020-03-23,744955
349,2019-12-16,58,PM2.5,TACOMA - L STREET,53-053-0029,AQS,7,41,0,.,58.0,32.0,47.6062,-122.3321,Seattle,2020-03-23,744955
350,2019-12-17,73,PM2.5,TACOMA - L STREET,53-053-0029,AQS,11,43,4,.,73.0,42.0,47.6062,-122.3321,Seattle,2020-03-23,744955
351,2019-12-18,66,PM2.5,SEATTLE - DUWAMISH,53-033-0057,AQS,11,43,3,.,66.0,45.0,47.6062,-122.3321,Seattle,2020-03-23,744955
352,2019-12-19,41,Ozone,MT RAINIER - JACKSON VISITIORS CENTER,53-053-0012,AQS,5,41,0,.,39.0,28.0,47.6062,-122.3321,Seattle,2020-03-23,744955
353,2019-12-20,54,NO2,Seattle-10th & Weller,53-033-0030,AQS,8,40,0,4,34.0,54.0,47.6062,-122.3321,Seattle,2020-03-23,744955
354,2019-12-21,41,Ozone,MT RAINIER - JACKSON VISITIORS CENTER,53-053-0012,AQS,7,41,0,.,32.0,19.0,47.6062,-122.3321,Seattle,2020-03-23,744955
355,2019-12-22,41,Ozone,MT RAINIER - JACKSON VISITIORS CENTER,53-053-0012,AQS,3,41,0,.,40.0,19.0,47.6062,-122.3321,Seattle,2020-03-23,744955
356,2019-12-23,52,PM2.5,MARYSVILLE - 7TH AVE (Marysville Junior High),53-061-1007,AQS,5,39,0,6,52.0,25.0,47.6062,-122.3321,Seattle,2020-03-23,744955
357,2019-12-24,59,PM2.5,TACOMA - L STREET,53-053-0029,AQS,8,42,1,.,59.0,27.0,47.6062,-122.3321,Seattle,2020-03-23,744955
358,2019-12-25,78,PM2.5,TACOMA - L STREET,53-053-0029,AQS,8,41,0,.,78.0,19.0,47.6062,-122.3321,Seattle,2020-03-23,744955
359,2019-12-26,89,PM2.5,DARRINGTON - FIR ST (Darrington High School),53-061-0020,AQS,9,15,1,13,89.0,25.0,47.6062,-122.3321,Seattle,2020-03-23,744955
360,2019-12-27,55,PM2.5,DARRINGTON - FIR ST (Darrington High School),53-061-0020,AQS,9,14,.,.,55.0,26.0,47.6062,-122.3321,Seattle,2020-03-23,744955
361,2019-12-28,68,PM2.5,DARRINGTON - FIR ST (Darrington High School),53-061-0020,AQS,9,10,1,.,68.0,23.0,47.6062,-122.3321,Seattle,2020-03-23,744955
362,2019-12-29,64,PM2.5,TACOMA - L STREET,53-053-0029,AQS,8,15,3,7,64.0,24.0,47.6062,-122.3321,Seattle,2020-03-23,744955
363,2019-12-30,60,PM2.5,DARRINGTON - FIR ST (Darrington High School),53-061-0020,AQS,6,18,0,.,60.0,23.0,47.6062,-122.3321,Seattle,2020-03-23,744955
364,2019-12-31,35,PM2.5,DARRINGTON - FIR ST (Darrington High School),53-061-0020,AirNow,5,28,.,.,35.0,32.0,47.6062,-122.3321,Seattle,2020-03-23,744955
365,2020-01-01,34,Ozone,SEATTLE - BEACON HILL,53-033-0080,AirNow,34,26,,,,,47.6062,-122.3321,Seattle,2020-03-23,744955
366,2020-01-02,31,Ozone,SEATTLE - BEACON HILL,53-033-0080,AirNow,31,30,,,,,47.6062,-122.3321,Seattle,2020-03-23,744955
367,2020-01-03,37,Ozone,SEATTLE - BEACON HILL,53-033-0080,AirNow,37,36,,,,,47.6062,-122.3321,Seattle,2020-03-23,744955
368,2020-01-04,36,Ozone,SEATTLE - BEACON HILL,53-033-0080,AirNow,36,30,,,,,47.6062,-122.3321,Seattle,2020-03-23,744955
369,2020-01-05,31,Ozone,SEATTLE - BEACON HILL,53-033-0080,AirNow,31,24,,,,,47.6062,-122.3321,Seattle,2020-03-23,744955
370,2020-01-06,37,PM2.5,DARRINGTON - FIR ST (Darrington High School),53-061-0020,AirNow,30,37,,,,,47.6062,-122.3321,Seattle,2020-03-23,744955
371,2020-01-07,31,Ozone,SEATTLE - BEACON HILL,53-033-0080,AirNow,31,25,,,,,47.6062,-122.3321,Seattle,2020-03-23,744955
372,2020-01-08,31,Ozone,SEATTLE - BEACON HILL,53-033-0080,AirNow,31,24,,,,,47.6062,-122.3321,Seattle,2020-03-23,744955
373,2020-01-09,56,PM2.5,TACOMA - L STREET,53-053-0029,AirNow,14,56,,,,,47.6062,-122.3321,Seattle,2020-03-23,744955
374,2020-01-10,43,PM2.5,DARRINGTON - FIR ST (Darrington High School),53-061-0020,AirNow,31,43,,,,,47.6062,-122.3321,Seattle,2020-03-23,744955
375,2020-01-11,33,Ozone,SEATTLE - BEACON HILL,53-033-0080,AirNow,33,32,,,,,47.6062,-122.3321,Seattle,2020-03-23,744955
376,2020-01-12,33,Ozone,SEATTLE - BEACON HILL,53-033-0080,AirNow,33,29,,,,,47.6062,-122.3321,Seattle,2020-03-23,744955
377,2020-01-13,35,PM2.5,MARYSVILLE - 7TH AVE (Marysville Junior High),53-061-1007,AirNow,25,35,,,,,47.6062,-122.3321,Seattle,2020-03-23,744955
378,2020-01-14,32,PM2.5,SEATTLE - DUWAMISH,53-033-0057,AirNow,31,32,,,,,47.6062,-122.3321,Seattle,2020-03-23,744955
379,2020-01-15,33,Ozone,SEATTLE - BEACON HILL,53-033-0080,AirNow,33,21,,,,,47.6062,-122.3321,Seattle,2020-03-23,744955
380,2020-01-16,38,PM2.5,MARYSVILLE - 7TH AVE (Marysville Junior High),53-061-1007,AirNow,27,38,,,,,47.6062,-122.3321,Seattle,2020-03-23,744955
381,2020-01-17,61,PM2.5,DARRINGTON - FIR ST (Darrington High School),53-061-0020,AirNow,31,61,,,,,47.6062,-122.3321,Seattle,2020-03-23,744955
382,2020-01-18,45,PM2.5,DARRINGTON - FIR ST (Darrington High School),53-061-0020,AirNow,31,45,,,,,47.6062,-122.3321,Seattle,2020-03-23,744955
383,2020-01-19,68,PM2.5,DARRINGTON - FIR ST (Darrington High School),53-061-0020,AirNow,29,68,,,,,47.6062,-122.3321,Seattle,2020-03-23,744955
384,2020-01-20,55,PM2.5,DARRINGTON - FIR ST (Darrington High School),53-061-0020,AirNow,19,55,,,,,47.6062,-122.3321,Seattle,2020-03-23,744955
385,2020-01-21,38,PM2.5,SEATTLE - DUWAMISH,53-033-0057,AirNow,31,38,,,,,47.6062,-122.3321,Seattle,2020-03-23,744955
386,2020-01-22,35,PM2.5,SEATTLE - DUWAMISH,53-033-0057,AirNow,27,35,,,,,47.6062,-122.3321,Seattle,2020-03-23,744955
387,2020-01-23,33,PM2.5,DARRINGTON - FIR ST (Darrington High School),53-061-0020,AirNow,20,33,,,,,47.6062,-122.3321,Seattle,2020-03-23,744955
388,2020-01-24,29,Ozone,SEATTLE - BEACON HILL,53-033-0080,AirNow,29,25,,,,,47.6062,-122.3321,Seattle,2020-03-23,744955
389,2020-01-25,38,PM2.5,DARRINGTON - FIR ST (Darrington High School),53-061-0020,AirNow,19,38,,,,,47.6062,-122.3321,Seattle,2020-03-23,744955
390,2020-01-26,33,Ozone,SEATTLE - BEACON HILL,53-033-0080,AirNow,33,25,,,,,47.6062,-122.3321,Seattle,2020-03-23,744955
391,2020-01-27,29,Ozone,SEATTLE - BEACON HILL,53-033-0080,AirNow,29,23,,,,,47.6062,-122.3321,Seattle,2020-03-23,744955
392,2020-01-28,39,PM2.5,DARRINGTON - FIR ST (Darrington High School),53-061-0020,AirNow,28,39,,,,,47.6062,-122.3321,Seattle,2020-03-23,744955
393,2020-01-29,40,PM2.5,DARRINGTON - FIR ST (Darrington High School),53-061-0020,AirNow,17,40,,,,,47.6062,-122.3321,Seattle,2020-03-23,744955
394,2020-01-30,47,PM2.5,SEATTLE - DUWAMISH,53-033-0057,AirNow,23,47,,,,,47.6062,-122.3321,Seattle,2020-03-23,744955
395,2020-01-31,31,Ozone,SEATTLE - BEACON HILL,53-033-0080,AirNow,31,28,,,,,47.6062,-122.3321,Seattle,2020-03-23,744955
396,2020-02-01,34,Ozone,SEATTLE - BEACON HILL,53-033-0080,AirNow,34,25,,,,,47.6062,-122.3321,Seattle,2020-03-23,744955
397,2020-02-02,46,PM2.5,TACOMA - L STREET,53-053-0029,AirNow,31,46,,,,,47.6062,-122.3321,Seattle,2020-03-23,744955
398,2020-02-03,52,PM2.5,MARYSVILLE - 7TH AVE (Marysville Junior High),53-061-1007,AirNow,29,52,,,,,47.6062,-122.3321,Seattle,2020-03-23,744955
399,2020-02-04,56,PM2.5,DARRINGTON - FIR ST (Darrington High School),53-061-0020,AirNow,18,56,,,,,47.6062,-122.3321,Seattle,2020-03-23,744955
400,2020-02-05,80,PM2.5,DARRINGTON - FIR ST (Darrington High School),53-061-0020,AirNow,28,80,,,,,47.6062,-122.3321,Seattle,2020-03-23,744955
401,2020-02-06,46,PM2.5,DARRINGTON - FIR ST (Darrington High School),53-061-0020,AirNow,19,46,,,,,47.6062,-122.3321,Seattle,2020-03-23,744955
402,2020-02-07,36,Ozone,SEATTLE - BEACON HILL,53-033-0080,AirNow,36,34,,,,,47.6062,-122.3321,Seattle,2020-03-23,744955
403,2020-02-08,42,PM2.5,TACOMA - L STREET,53-053-0029,AirNow,31,42,,,,,47.6062,-122.3321,Seattle,2020-03-23,744955
404,2020-02-09,54,PM2.5,MARYSVILLE - 7TH AVE (Marysville Junior High),53-061-1007,AirNow,20,54,,,,,47.6062,-122.3321,Seattle,2020-03-23,744955
405,2020-02-10,66,PM2.5,TACOMA - L STREET,53-053-0029,AirNow,14,66,,,,,47.6062,-122.3321,Seattle,2020-03-23,744955
406,2020-02-11,56,PM2.5,MARYSVILLE - 7TH AVE (Marysville Junior High),53-061-1007,AirNow,17,56,,,,,47.6062,-122.3321,Seattle,2020-03-23,744955
407,2020-02-12,50,PM2.5,MARYSVILLE - 7TH AVE (Marysville Junior High),53-061-1007,AirNow,12,50,,,,,47.6062,-122.3321,Seattle,2020-03-23,744955
408,2020-02-13,39,PM2.5,SEATTLE - DUWAMISH,53-033-0057,AirNow,31,39,,,,,47.6062,-122.3321,Seattle,2020-03-23,744955
409,2020-02-14,33,Ozone,SEATTLE - BEACON HILL,53-033-0080,AirNow,33,30,,,,,47.6062,-122.3321,Seattle,2020-03-23,744955
410,2020-02-15,31,Ozone,SEATTLE - BEACON HILL,53-033-0080,AirNow,31,24,,,,,47.6062,-122.3321,Seattle,2020-03-23,744955
411,2020-02-16,31,Ozone,SEATTLE - BEACON HILL,53-033-0080,AirNow,31,27,,,,,47.6062,-122.3321,Seattle,2020-03-23,744955
412,2020-02-17,38,PM2.5,TACOMA - L STREET,53-053-0029,AirNow,28,38,,,,,47.6062,-122.3321,Seattle,2020-03-23,744955
413,2020-02-18,52,PM2.5,MARYSVILLE - 7TH AVE (Marysville Junior High),53-061-1007,AirNow,24,52,,,,,47.6062,-122.3321,Seattle,2020-03-23,744955
414,2020-02-19,51,PM2.5,TACOMA - L STREET,53-053-0029,AirNow,31,51,,,,,47.6062,-122.3321,Seattle,2020-03-23,744955
415,2020-02-20,60,PM2.5,MARYSVILLE - 7TH AVE (Marysville Junior High),53-061-1007,AirNow,20,60,,,,,47.6062,-122.3321,Seattle,2020-03-23,744955
416,2020-02-21,67,PM2.5,MARYSVILLE - 7TH AVE (Marysville Junior High),53-061-1007,AirNow,27,67,,,,,47.6062,-122.3321,Seattle,2020-03-23,744955
417,2020-02-22,49,PM2.5,MARYSVILLE - 7TH AVE (Marysville Junior High),53-061-1007,AirNow,25,49,,,,,47.6062,-122.3321,Seattle,2020-03-23,744955
418,2020-02-23,37,Ozone,SEATTLE - BEACON HILL,53-033-0080,AirNow,37,32,,,,,47.6062,-122.3321,Seattle,2020-03-23,744955
419,2020-02-24,39,PM2.5,TACOMA - L STREET,53-053-0029,AirNow,34,39,,,,,47.6062,-122.3321,Seattle,2020-03-23,744955
420,2020-02-25,47,PM2.5,SEATTLE - DUWAMISH,53-033-0057,AirNow,16,47,,,,,47.6062,-122.3321,Seattle,2020-03-23,744955
421,2020-02-26,43,PM2.5,TACOMA - L STREET,53-053-0029,AirNow,25,43,,,,,47.6062,-122.3321,Seattle,2020-03-23,744955
422,2020-02-27,43,PM2.5,TACOMA - L STREET,53-053-0029,AirNow,21,43,,,,,47.6062,-122.3321,Seattle,2020-03-23,744955
423,2020-02-28,48,PM2.5,SEATTLE - DUWAMISH,53-033-0057,AirNow,36,48,,,,,47.6062,-122.3321,Seattle,2020-03-23,744955
424,2020-02-29,35,Ozone,SEATTLE - BEACON HILL,53-033-0080,AirNow,35,28,,,,,47.6062,-122.3321,Seattle,2020-03-23,744955
425,2020-03-01,40,PM2.5,SEATTLE - DUWAMISH,53-033-0057,AirNow,31,40,,,,,47.6062,-122.3321,Seattle,2020-03-23,744955
426,2020-03-02,33,PM2.5,SEATTLE - SOUTH PARK #2,53-033-1011,AirNow,29,33,,,,,47.6062,-122.3321,Seattle,2020-03-23,744955
427,2020-03-03,29,Ozone,SEATTLE - BEACON HILL,53-033-0080,AirNow,29,22,,,,,47.6062,-122.3321,Seattle,2020-03-23,744955
428,2020-03-04,50,PM2.5,MARYSVILLE - 7TH AVE (Marysville Junior High),53-061-1007,AirNow,32,50,,,,,47.6062,-122.3321,Seattle,2020-03-23,744955
429,2020-03-05,45,PM2.5,TACOMA - L STREET,53-053-0029,AirNow,32,45,,,,,47.6062,-122.3321,Seattle,2020-03-23,744955
430,2020-03-06,30,Ozone,SEATTLE - BEACON HILL,53-033-0080,AirNow,30,28,,,,,47.6062,-122.3321,Seattle,2020-03-23,744955
431,2020-03-07,38,PM2.5,SEATTLE - SOUTH PARK #2,53-033-1011,AirNow,31,38,,,,,47.6062,-122.3321,Seattle,2020-03-23,744955
432,2020-03-08,38,PM2.5,MARYSVILLE - 7TH AVE (Marysville Junior High),53-061-1007,AirNow,31,38,,,,,47.6062,-122.3321,Seattle,2020-03-23,744955
433,2020-03-09,52,PM2.5,MARYSVILLE - 7TH AVE (Marysville Junior High),53-061-1007,AirNow,21,52,,,,,47.6062,-122.3321,Seattle,2020-03-23,744955
434,2020-03-10,39,PM2.5,MARYSVILLE - 7TH AVE (Marysville Junior High),53-061-1007,AirNow,33,39,,,,,47.6062,-122.3321,Seattle,2020-03-23,744955
435,2020-03-11,30,PM2.5,MARYSVILLE - 7TH AVE (Marysville Junior High),53-061-1007,AirNow,.,30,,,,,47.6062,-122.3321,Seattle,2020-03-23,744955
436,2020-03-12,43,PM2.5,DARRINGTON - FIR ST (Darrington High School),53-061-0020,AirNow,30,43,,,,,47.6062,-122.3321,Seattle,2020-03-23,744955
437,2020-03-13,38,PM2.5,SEATTLE - SOUTH PARK #2,53-033-1011,AirNow,34,38,,,,,47.6062,-122.3321,Seattle,2020-03-23,744955
438,2020-03-14,55,PM2.5,MARYSVILLE - 7TH AVE (Marysville Junior High),53-061-1007,AirNow,32,55,,,,,47.6062,-122.3321,Seattle,2020-03-23,744955
439,2020-03-15,55,PM2.5,MARYSVILLE - 7TH AVE (Marysville Junior High),53-061-1007,AirNow,35,55,,,,,47.6062,-122.3321,Seattle,2020-03-23,744955
440,2020-03-16,64,PM2.5,MARYSVILLE - 7TH AVE (Marysville Junior High),53-061-1007,AirNow,31,64,,,,,47.6062,-122.3321,Seattle,2020-03-23,744955
441,2020-03-17,65,PM2.5,MARYSVILLE - 7TH AVE (Marysville Junior High),53-061-1007,AirNow,20,65,,,,,47.6062,-122.3321,Seattle,2020-03-23,744955
442,2020-03-18,71,PM2.5,MARYSVILLE - 7TH AVE (Marysville Junior High),53-061-1007,AirNow,29,71,,,,,47.6062,-122.3321,Seattle,2020-03-23,744955
443,2020-03-19,72,PM2.5,MARYSVILLE - 7TH AVE (Marysville Junior High),53-061-1007,AirNow,27,72,,,,,47.6062,-122.3321,Seattle,2020-03-23,744955
444,2020-03-20,73,PM2.5,TACOMA - L STREET,53-053-0029,AirNow,38,73,,,,,47.6062,-122.3321,Seattle,2020-03-23,744955
445,2020-03-21,78,PM2.5,MARYSVILLE - 7TH AVE (Marysville Junior High),53-061-1007,AirNow,22,78,,,,,47.6062,-122.3321,Seattle,2020-03-23,744955
446,2020-03-22,74,PM2.5,MARYSVILLE - 7TH AVE (Marysville Junior High),53-061-1007,AirNow,36,74,,,,,47.6062,-122.3321,Seattle,2020-03-23,744955
447,2020-03-23,35,Ozone,SEATTLE - BEACON HILL,53-033-0080,AirNow,35,25,,,,,47.6062,-122.3321,Seattle,2020-03-23,744955
448,2020-03-24,31,Ozone,SEATTLE - BEACON HILL,53-033-0080,AirNow,31,24,,,,,47.6062,-122.3321,Seattle,2020-03-23,744955
449,2020-03-25,39,PM2.5,MARYSVILLE - 7TH AVE (Marysville Junior High),53-061-1007,AirNow,28,39,,,,,47.6062,-122.3321,Seattle,2020-03-23,744955
450,2020-03-26,44,PM2.5,MARYSVILLE - 7TH AVE (Marysville Junior High),53-061-1007,AirNow,41,44,,,,,47.6062,-122.3321,Seattle,2020-03-23,744955
451,2020-03-27,40,PM2.5,SEATTLE - DUWAMISH,53-033-0057,AirNow,34,40,,,,,47.6062,-122.3321,Seattle,2020-03-23,744955
452,2020-03-28,33,Ozone,SEATTLE - BEACON HILL,53-033-0080,AirNow,33,27,,,,,47.6062,-122.3321,Seattle,2020-03-23,744955
453,2020-03-29,35,Ozone,SEATTLE - BEACON HILL,53-033-0080,AirNow,35,18,,,,,47.6062,-122.3321,Seattle,2020-03-23,744955
454,2020-03-30,34,Ozone,SEATTLE - BEACON HILL,53-033-0080,AirNow,34,25,,,,,47.6062,-122.3321,Seattle,2020-03-23,744955
455,2020-03-31,35,Ozone,SEATTLE - BEACON HILL,53-033-0080,AirNow,35,24,,,,,47.6062,-122.3321,Seattle,2020-03-23,744955
456,2020-04-01,36,PM2.5,MARYSVILLE - 7TH AVE (Marysville Junior High),53-061-1007,AirNow,33,36,,,,,47.6062,-122.3321,Seattle,2020-03-23,744955
457,2020-04-02,43,PM2.5,SEATTLE - SOUTH PARK #2,53-033-1011,AirNow,32,43,,,,,47.6062,-122.3321,Seattle,2020-03-23,744955
458,2020-04-03,32,Ozone,SEATTLE - BEACON HILL,53-033-0080,AirNow,32,26,,,,,47.6062,-122.3321,Seattle,2020-03-23,744955
459,2020-04-04,35,PM2.5,MARYSVILLE - 7TH AVE (Marysville Junior High),53-061-1007,AirNow,33,35,,,,,47.6062,-122.3321,Seattle,2020-03-23,744955
460,2020-04-05,40,PM2.5,SEATTLE - SOUTH PARK #2,53-033-1011,AirNow,31,40,,,,,47.6062,-122.3321,Seattle,2020-03-23,744955
461,2020-04-06,43,PM2.5,MARYSVILLE - 7TH AVE (Marysville Junior High),53-061-1007,AirNow,34,43,,,,,47.6062,-122.3321,Seattle,2020-03-23,744955
462,2020-04-07,55,PM2.5,MARYSVILLE - 7TH AVE (Marysville Junior High),53-061-1007,AirNow,32,55,,,,,47.6062,-122.3321,Seattle,2020-03-23,744955
463,2020-04-08,57,PM2.5,TACOMA - L STREET,53-053-0029,AirNow,35,57,,,,,47.6062,-122.3321,Seattle,2020-03-23,744955
464,2020-04-09,52,PM2.5,TACOMA - L STREET,53-053-0029,AirNow,39,52,,,,,47.6062,-122.3321,Seattle,2020-03-23,744955
465,2020-04-10,55,PM2.5,MARYSVILLE - 7TH AVE (Marysville Junior High),53-061-1007,AirNow,33,55,,,,,47.6062,-122.3321,Seattle,2020-03-23,744955
466,2020-04-11,47,PM2.5,MARYSVILLE - 7TH AVE (Marysville Junior High),53-061-1007,AirNow,42,47,,,,,47.6062,-122.3321,Seattle,2020-03-23,744955
467,2020-04-12,49,PM2.5,MARYSVILLE - 7TH AVE (Marysville Junior High),53-061-1007,AirNow,44,49,,,,,47.6062,-122.3321,Seattle,2020-03-23,744955
468,2020-04-13,45,PM2.5,MARYSVILLE - 7TH AVE (Marysville Junior High),53-061-1007,AirNow,42,45,,,,,47.6062,-122.3321,Seattle,2020-03-23,744955
469,2020-04-14,50,PM2.5,MARYSVILLE - 7TH AVE (Marysville Junior High),53-061-1007,AirNow,39,50,,,,,47.6062,-122.3321,Seattle,2020-03-23,744955
470,2020-04-15,40,Ozone,SEATTLE - BEACON HILL,53-033-0080,AirNow,40,29,,,,,47.6062,-122.3321,Seattle,2020-03-23,744955
471,2020-04-16,42,PM2.5,MARYSVILLE - 7TH AVE (Marysville Junior High),53-061-1007,AirNow,38,42,,,,,47.6062,-122.3321,Seattle,2020-03-23,744955
472,2020-04-17,49,PM2.5,MARYSVILLE - 7TH AVE (Marysville Junior High),53-061-1007,AirNow,35,49,,,,,47.6062,-122.3321,Seattle,2020-03-23,744955
473,2020-04-18,41,PM2.5,MARYSVILLE - 7TH AVE (Marysville Junior High),53-061-1007,AirNow,27,41,,,,,47.6062,-122.3321,Seattle,2020-03-23,744955
474,2020-04-19,35,PM2.5,MARYSVILLE - 7TH AVE (Marysville Junior High),53-061-1007,AirNow,32,35,,,,,47.6062,-122.3321,Seattle,2020-03-23,744955
475,2020-04-20,37,PM2.5,MARYSVILLE - 7TH AVE (Marysville Junior High),53-061-1007,AirNow,32,37,,,,,47.6062,-122.3321,Seattle,2020-03-23,744955
476,2020-04-21,32,Ozone,SEATTLE - BEACON HILL,53-033-0080,AirNow,32,27,,,,,47.6062,-122.3321,Seattle,2020-03-23,744955
477,2020-04-22,24,PM2.5,SEATTLE - DUWAMISH,53-033-0057,AirNow,24,24,,,,,47.6062,-122.3321,Seattle,2020-03-23,744955
478,2020-04-23,27,Ozone,SEATTLE - BEACON HILL,53-033-0080,AirNow,27,23,,,,,47.6062,-122.3321,Seattle,2020-03-23,744955
